Analyzing	Analyze the given ERD and determine where the problem lies.
Analyzing	Analyze the given ERD and determine which assumption it depends on.
Analyzing	Analyze the given algorithm and determine where the problem lies.
Analyzing	Analyze the given algorithm and determine which part is redundant.
Analyzing	Analyze the given argument and determine how the parts are related.
Analyzing	Analyze the given argument and determine its time complexity.
Analyzing	Analyze the given argument and determine where the problem lies.
Analyzing	Analyze the given case study and determine how the parts are related.
Analyzing	Analyze the given case study and determine where the problem lies.
Analyzing	Analyze the given case study and determine which part is redundant.
Analyzing	Analyze the given circuit and determine where the problem lies.
Analyzing	Analyze the given circuit and determine which part is redundant.
Analyzing	Analyze the given class diagram and determine how the parts are related.
Analyzing	Analyze the given class diagram and determine its time complexity.
Analyzing	Analyze the given class diagram and determine which part is redundant.
Analyzing	Analyze the given network diagram and determine how the parts are related.
Analyzing	Analyze the given network diagram and determine its time complexity.
Analyzing	Analyze the given network diagram and determine which part is redundant.
Analyzing	Analyze the given poem and determine how the parts are related.
Analyzing	Analyze the given poem and determine which assumption it depends on.
Analyzing	Analyze the given poem and determine which part is redundant.
Analyzing	Ano ang magiging output ng programa kung ang x ay 1?
Analyzing	Ano ang magiging output ng programa kung ang x ay 2?
Analyzing	Ano ang magiging output ng programa kung ang x ay 3?
Analyzing	Ano ang magiging output ng programa kung ang x ay 4?
Analyzing	Ano ang magiging output ng programa kung ang x ay 5?
Analyzing	Ano ang magiging output ng programa kung ang x ay 6?
Analyzing	Ano ang magiging output ng programa kung ang x ay 7?
Analyzing	Ano ang magiging output ng programa kung ang x ay 8?
Analyzing	Ano ang magiging output ng programa kung ang x ay 9?
Analyzing	Break down SOAP into its components and explain how they interact.
Analyzing	Break down XML into its components and explain how they interact.
Analyzing	Break down a Hamiltonian circuit into its components and explain how they interact.
Analyzing	Break down a Karnaugh map into its components and explain how they interact.
Analyzing	Break down a WSDL file into its components and explain how they interact.
Analyzing	Break down a compiler into its components and explain how they interact.
Analyzing	Break down a constructor into its components and explain how they interact.
Analyzing	Break down a derivative into its components and explain how they interact.
Analyzing	Break down a foreign key into its components and explain how they interact.
Analyzing	Break down a linked list into its components and explain how they interact.
Analyzing	Break down a matrix into its components and explain how they interact.
Analyzing	Break down a normal distribution into its components and explain how they interact.
Analyzing	Break down a router into its components and explain how they interact.
Analyzing	Break down a subnet mask into its components and explain how they interact.
Analyzing	Break down a tautology into its components and explain how they interact.
Analyzing	Break down a thread into its components and explain how they interact.
Analyzing	Break down a tree into its components and explain how they interact.
Analyzing	Break down a variable into its components and explain how they interact.
Analyzing	Break down an event into its components and explain how they interact.
Analyzing	Break down encapsulation into its components and explain how they interact.
Analyzing	Break down federalism into its components and explain how they interact.
Analyzing	Break down inflation into its components and explain how they interact.
Analyzing	Break down mood into its components and explain how they interact.
Analyzing	Break down the barangay system into its components and explain how they interact.
Analyzing	Break down the digestive system into its components and explain how they interact.
Analyzing	Break down the periodic table into its components and explain how they interact.
Analyzing	Break down the slope of a line into its components and explain how they interact.
Analyzing	Break down the water cycle into its components and explain how they interact.
Analyzing	Break down the waterfall model into its components and explain how they interact.
Analyzing	Categorize the following costs and explain your basis.
Analyzing	Categorize the following devices and explain your basis.
Analyzing	Categorize the following errors and explain your basis.
Analyzing	Categorize the following requirements and explain your basis.
Analyzing	Categorize the following risks and explain your basis.
Analyzing	Categorize the following statements and explain your basis.
Analyzing	Compare REST and XSLT in terms of memory use.
Analyzing	Compare TCP and a primary key in terms of speed.
Analyzing	Compare XSLT and load balancing in terms of speed.
Analyzing	Compare XSLT and recursion in terms of scalability.
Analyzing	Compare a compiler and version control in terms of speed.
Analyzing	Compare a firewall and a transaction in terms of memory use.
Analyzing	Compare a linked list and a use case diagram in terms of security.
Analyzing	Compare a primary key and a thread in terms of reliability.
Analyzing	Compare a process and XSLT in terms of speed.
Analyzing	Compare a process and an array in terms of ease of use.
Analyzing	Compare a queue and a cache in terms of speed.
Analyzing	Compare a router and version control in terms of scalability.
Analyzing	Compare a stack and encryption in terms of ease of use.
Analyzing	Compare a subnet mask and DNS in terms of scalability.
Analyzing	Compare a transaction and an enterprise service bus in terms of security.
Analyzing	Compare a use case diagram and a stored procedure in terms of speed.
Analyzing	Compare a variable and SOAP in terms of memory use.
Analyzing	Compare an IP address and load balancing in terms of scalability.
Analyzing	Compare an XML schema and a loop in terms of scalability.
Analyzing	Compare an array and XML in terms of scalability.
Analyzing	Compare an array and a deadlock in terms of scalability.
Analyzing	Compare an array and responsive design in terms of speed.
Analyzing	Compare an enterprise service bus and a linked list in terms of reliability.
Analyzing	Compare an index and hashing in terms of scalability.
Analyzing	Compare an interpreter and a queue in terms of speed.
Analyzing	Compare an operating system and a use case diagram in terms of ease of use.
Analyzing	Compare cloud computing and the DOM in terms of scalability.
Analyzing	Compare cookies and a stack in terms of scalability.
Analyzing	Compare inheritance and HTTP in terms of reliability.
Analyzing	Compare load balancing and a loop in terms of security.
Analyzing	Compare the waterfall model and a queue in terms of speed.
Analyzing	Compare two-factor authentication and a view in terms of speed.
Analyzing	Contrast a base and the greenhouse effect using the given examples.
Analyzing	Contrast a biconditional and the pigeonhole principle using the given examples.
Analyzing	Contrast a complex sentence and subject-verb agreement using the given examples.
Analyzing	Contrast a conditional statement and a Venn diagram using the given examples.
Analyzing	Contrast a geometric sequence and the median using the given examples.
Analyzing	Contrast a graph and a tautology using the given examples.
Analyzing	Contrast a hash table and an interface using the given examples.
Analyzing	Contrast a hypothesis test and a normal distribution using the given examples.
Analyzing	Contrast a matrix and a ratio using the given examples.
Analyzing	Contrast a population and a geometric sequence using the given examples.
Analyzing	Contrast a primary key and a thread using the given examples.
Analyzing	Contrast a sample space and a Venn diagram using the given examples.
Analyzing	Contrast a subset and a set using the given examples.
Analyzing	Contrast a theme and point of view using the given examples.
Analyzing	Contrast a topic sentence and the passive voice using the given examples.
Analyzing	Contrast a tree and conditional probability using the given examples.
Analyzing	Contrast an event and a permutation using the given examples.
Analyzing	Contrast an index and a web service using the given examples.
Analyzing	Contrast biodiversity and DNA using the given examples.
Analyzing	Contrast biodiversity and the greenhouse effect using the given examples.
Analyzing	Contrast correlation and a ratio using the given examples.
Analyzing	Contrast human rights and inflation using the given examples.
Analyzing	Contrast inertia and Ohm's law using the given examples.
Analyzing	Contrast inertia and plate tectonics using the given examples.
Analyzing	Contrast nationalism and supply and demand using the given examples.
Analyzing	Contrast opportunity cost and martial law using the given examples.
Analyzing	Contrast point of view and a dangling modifier using the given examples.
Analyzing	Contrast point of view and mood using the given examples.
Analyzing	Contrast responsive design and cookies using the given examples.
Analyzing	Contrast supply and demand and the Katipunan using the given examples.
Analyzing	Contrast the Philippine Revolution and globalization using the given examples.
Analyzing	Contrast the area of a circle and a matrix using the given examples.
Analyzing	Contrast the median and compound interest using the given examples.
Analyzing	Contrast the union of sets and variance using the given examples.
Analyzing	Contrast the water cycle and a food chain using the given examples.
Analyzing	Determine whether the given XML is well-formed and explain how you decided.
Analyzing	Determine whether the given argument is valid and explain how you decided.
Analyzing	Determine whether the given function is one-to-one and explain how you decided.
Analyzing	Determine whether the given graph has an Euler circuit and explain how you decided.
Analyzing	Determine whether the given relation is transitive and explain how you decided.
Analyzing	Determine whether the given table is in 3NF and explain how you decided.
Analyzing	Differentiate De Morgan's laws from a Venn diagram based on the given scenario.
Analyzing	Differentiate a complex sentence from a theme based on the given scenario.
Analyzing	Differentiate a dangling modifier from the passive voice based on the given scenario.
Analyzing	Differentiate a derivative from the standard deviation based on the given scenario.
Analyzing	Differentiate a foreign key from a binary tree based on the given scenario.
Analyzing	Differentiate a one-to-one function from a Hamiltonian circuit based on the given scenario.
Analyzing	Differentiate a percentage from a geometric sequence based on the given scenario.
Analyzing	Differentiate a percentage from a hypothesis test based on the given scenario.
Analyzing	Differentiate a predicate from the union of sets based on the given scenario.
Analyzing	Differentiate a recurrence relation from a combination based on the given scenario.
Analyzing	Differentiate a topic sentence from a complex sentence based on the given scenario.
Analyzing	Differentiate an arithmetic sequence from a limit based on the given scenario.
Analyzing	Differentiate an arithmetic sequence from the Pythagorean theorem based on the given scenario.
Analyzing	Differentiate an atom from a food chain based on the given scenario.
Analyzing	Differentiate an ion from an atom based on the given scenario.
Analyzing	Differentiate an ion from the water cycle based on the given scenario.
Analyzing	Differentiate friction from a base based on the given scenario.
Analyzing	Differentiate inertia from the water cycle based on the given scenario.
Analyzing	Differentiate irony from a topic sentence based on the given scenario.
Analyzing	Differentiate mathematical induction from an Euler path based on the given scenario.
Analyzing	Differentiate middleware from a view based on the given scenario.
Analyzing	Differentiate potential energy from an ecosystem based on the given scenario.
Analyzing	Differentiate simple interest from the Pythagorean theorem based on the given scenario.
Analyzing	Differentiate the Galleon Trade from democracy based on the given scenario.
Analyzing	Differentiate the Pythagorean theorem from a ratio based on the given scenario.
Analyzing	Differentiate the barangay system from democracy based on the given scenario.
Analyzing	Differentiate the barangay system from nationalism based on the given scenario.
Analyzing	Differentiate the greenhouse effect from climate change based on the given scenario.
Analyzing	Differentiate the median from a quadratic equation based on the given scenario.
Analyzing	Differentiate the passive voice from a thesis statement based on the given scenario.
Analyzing	Differentiate the pigeonhole principle from a one-to-one function based on the given scenario.
Analyzing	Differentiate the slope of a line from the standard deviation based on the given scenario.
Analyzing	Differentiate the waterfall model from DHCP based on the given scenario.
Analyzing	Differentiate the waterfall model from a WSDL file based on the given scenario.
Analyzing	Differentiate version control from a compiler based on the given scenario.
Analyzing	Examine the given chart and identify the anomaly.
Analyzing	Examine the given chart and identify the cause of the problem.
Analyzing	Examine the given chart and identify the pattern.
Analyzing	Examine the given chart and identify the relationship between the variables.
Analyzing	Examine the given chart and identify the weakest component.
Analyzing	Examine the given code and identify the cause of the problem.
Analyzing	Examine the given code and identify the relationship between the variables.
Analyzing	Examine the given code and identify the trend.
Analyzing	Examine the given code and identify the weakest component.
Analyzing	Examine the given dataset and identify the pattern.
Analyzing	Examine the given dataset and identify the trend.
Analyzing	Examine the given diagram and identify the cause of the problem.
Analyzing	Examine the given diagram and identify the pattern.
Analyzing	Examine the given diagram and identify the relationship between the variables.
Analyzing	Examine the given diagram and identify the trend.
Analyzing	Examine the given diagram and identify the weakest component.
Analyzing	Examine the given graph and identify the anomaly.
Analyzing	Examine the given graph and identify the cause of the problem.
Analyzing	Examine the given graph and identify the pattern.
Analyzing	Examine the given graph and identify the trend.
Analyzing	Examine the given graph and identify the weakest component.
Analyzing	Examine the given log file and identify the pattern.
Analyzing	Examine the given log file and identify the relationship between the variables.
Analyzing	Examine the given log file and identify the trend.
Analyzing	Examine the given survey results and identify the pattern.
Analyzing	Examine the given survey results and identify the weakest component.
Analyzing	Examine the given table and identify the relationship between the variables.
Analyzing	Examine the given table and identify the trend.
Analyzing	Find the logical fallacy in the following argument about Boolean algebra.
Analyzing	Find the logical fallacy in the following argument about ERD.
Analyzing	Find the logical fallacy in the following argument about HTTPS.
Analyzing	Find the logical fallacy in the following argument about Treaty of Paris.
Analyzing	Find the logical fallacy in the following argument about UDP.
Analyzing	Find the logical fallacy in the following argument about XPath.
Analyzing	Find the logical fallacy in the following argument about biodiversity.
Analyzing	Find the logical fallacy in the following argument about cellular respiration.
Analyzing	Find the logical fallacy in the following argument about enterprise service bus.
Analyzing	Find the logical fallacy in the following argument about federalism.
Analyzing	Find the logical fallacy in the following argument about flashback.
Analyzing	Find the logical fallacy in the following argument about foreign key.
Analyzing	Find the logical fallacy in the following argument about function.
Analyzing	Find the logical fallacy in the following argument about greenhouse effect.
Analyzing	Find the logical fallacy in the following argument about kinetic energy.
Analyzing	Find the logical fallacy in the following argument about linked list.
Analyzing	Find the logical fallacy in the following argument about loop.
Analyzing	Find the logical fallacy in the following argument about main idea.
Analyzing	Find the logical fallacy in the following argument about martial law.
Analyzing	Find the logical fallacy in the following argument about middleware.
Analyzing	Find the logical fallacy in the following argument about natural selection.
Analyzing	Find the logical fallacy in the following argument about passive voice.
Analyzing	Find the logical fallacy in the following argument about periodic table.
Analyzing	Find the logical fallacy in the following argument about pigeonhole principle.
Analyzing	Find the logical fallacy in the following argument about plate tectonics.
Analyzing	Find the logical fallacy in the following argument about point of view.
Analyzing	Find the logical fallacy in the following argument about polynomial.
Analyzing	Find the logical fallacy in the following argument about potential energy.
Analyzing	Find the logical fallacy in the following argument about power set.
Analyzing	Find the logical fallacy in the following argument about recursion.
Analyzing	Find the logical fallacy in the following argument about responsive design.
Analyzing	Find the logical fallacy in the following argument about slope of a line.
Analyzing	Find the logical fallacy in the following argument about stack.
Analyzing	Find the logical fallacy in the following argument about theme.
Analyzing	Find the logical fallacy in the following argument about two-factor authentication.
Analyzing	Find the logical fallacy in the following argument about typhoon.
Analyzing	Find the logical fallacy in the following argument about variance.
Analyzing	Find the logical fallacy in the following argument about web service.
Analyzing	Given the data, determine what caused the failure.
Analyzing	Given the data, determine what caused the slowdown.
Analyzing	Given the data, determine what caused the unexpected value.
Analyzing	Given the error message, determine what caused the difference.
Analyzing	Given the error message, determine what caused the unexpected value.
Analyzing	Given the output, determine what caused the failure.
Analyzing	Given the output, determine what caused the slowdown.
Analyzing	Given the results, determine what caused the failure.
Analyzing	Given the results, determine what caused the invalid result.
Analyzing	Given the results, determine what caused the slowdown.
Analyzing	Given the results, determine what caused the unexpected value.
Analyzing	Given the test results, determine what caused the failure.
Analyzing	Given the test results, determine what caused the unexpected value.
Analyzing	Given the truth table, determine what caused the difference.
Analyzing	Given the truth table, determine what caused the failure.
Analyzing	Given the truth table, determine what caused the invalid result.
Analyzing	Given the truth table, determine what caused the slowdown.
Analyzing	Given the truth table, determine what caused the unexpected value.
Analyzing	Identify the error in the given SQL query.
Analyzing	Identify the error in the given XML document.
Analyzing	Identify the error in the given algorithm.
Analyzing	Identify the error in the given argument.
Analyzing	Identify the error in the given network configuration.
Analyzing	Identify the error in the given proof.
Analyzing	Identify the error in the given solution.
Analyzing	Identify the error in the given truth table.
Analyzing	Ihambing ang Bill of Rights at martial law batay sa ibinigay na halimbawa.
Analyzing	Ihambing ang CSS selector at class diagram batay sa ibinigay na halimbawa.
Analyzing	Ihambing ang Galleon Trade at inflation batay sa ibinigay na halimbawa.
Analyzing	Ihambing ang REST at XSLT batay sa ibinigay na halimbawa.
Analyzing	Ihambing ang Treaty of Paris at Galleon Trade batay sa ibinigay na halimbawa.
Analyzing	Ihambing ang array at ERD batay sa ibinigay na halimbawa.
Analyzing	Ihambing ang bipartite graph at rule of product batay sa ibinigay na halimbawa.
Analyzing	Ihambing ang cellular respiration at mitosis batay sa ibinigay na halimbawa.
Analyzing	Ihambing ang class diagram at interface batay sa ibinigay na halimbawa.
Analyzing	Ihambing ang complex sentence at topic sentence batay sa ibinigay na halimbawa.
Analyzing	Ihambing ang contradiction at permutation batay sa ibinigay na halimbawa.
Analyzing	Ihambing ang dangling modifier at argumentative essay batay sa ibinigay na halimbawa.
Analyzing	Ihambing ang equivalence relation at contrapositive batay sa ibinigay na halimbawa.
Analyzing	Ihambing ang function at hashing batay sa ibinigay na halimbawa.
Analyzing	Ihambing ang hypothesis test at slope of a line batay sa ibinigay na halimbawa.
Analyzing	Ihambing ang inflation at Galleon Trade batay sa ibinigay na halimbawa.
Analyzing	Ihambing ang ion at electric current batay sa ibinigay na halimbawa.
Analyzing	Ihambing ang mitosis at cellular respiration batay sa ibinigay na halimbawa.
Analyzing	Ihambing ang mood at passive voice batay sa ibinigay na halimbawa.
Analyzing	Ihambing ang operating system at XPath batay sa ibinigay na halimbawa.
Analyzing	Ihambing ang percentage at sample batay sa ibinigay na halimbawa.
Analyzing	Ihambing ang periodic table at ecosystem batay sa ibinigay na halimbawa.
Analyzing	Ihambing ang personification at dangling modifier batay sa ibinigay na halimbawa.
Analyzing	Ihambing ang persuasive speech at theme batay sa ibinigay na halimbawa.
Analyzing	Ihambing ang point of view at dangling modifier batay sa ibinigay na halimbawa.
Analyzing	Ihambing ang population at normal distribution batay sa ibinigay na halimbawa.
Analyzing	Ihambing ang relation at sample space batay sa ibinigay na halimbawa.
Analyzing	Ihambing ang standard deviation at percentage batay sa ibinigay na halimbawa.
Analyzing	Ihambing ang subject-verb agreement at dangling modifier batay sa ibinigay na halimbawa.
Analyzing	Ihambing ang sustainable development at inflation batay sa ibinigay na halimbawa.
Analyzing	Ihambing ang tautology at sample space batay sa ibinigay na halimbawa.
Analyzing	Ihambing ang theme at supporting detail batay sa ibinigay na halimbawa.
Analyzing	Ihambing ang topic sentence at persuasive speech batay sa ibinigay na halimbawa.
Analyzing	Ihambing ang water cycle at Newton's second law batay sa ibinigay na halimbawa.
Analyzing	Suriin ang ibinigay na argumento at tukuyin ang mali.
Analyzing	Suriin ang ibinigay na argumento at tukuyin ang sanhi ng problema.
Analyzing	Suriin ang ibinigay na code at tukuyin ang mali.
Analyzing	Suriin ang ibinigay na code at tukuyin ang pattern.
Analyzing	Suriin ang ibinigay na code at tukuyin ang sanhi ng problema.
Analyzing	Suriin ang ibinigay na code at tukuyin ang ugnayan ng mga bahagi.
Analyzing	Suriin ang ibinigay na datos at tukuyin ang mali.
Analyzing	Suriin ang ibinigay na datos at tukuyin ang pattern.
Analyzing	Suriin ang ibinigay na datos at tukuyin ang sanhi ng problema.
Analyzing	Suriin ang ibinigay na datos at tukuyin ang ugnayan ng mga bahagi.
Analyzing	Suriin ang ibinigay na talahanayan at tukuyin ang mali.
Analyzing	Suriin ang ibinigay na talahanayan at tukuyin ang pattern.
Analyzing	Suriin ang ibinigay na talahanayan at tukuyin ang sanhi ng problema.
Analyzing	Suriin ang ibinigay na talahanayan at tukuyin ang ugnayan ng mga bahagi.
Analyzing	Suriin ang ibinigay na tula at tukuyin ang mali.
Analyzing	Suriin ang ibinigay na tula at tukuyin ang pattern.
Analyzing	Suriin ang ibinigay na tula at tukuyin ang sanhi ng problema.
Analyzing	Suriin ang ibinigay na tula at tukuyin ang ugnayan ng mga bahagi.
Analyzing	Trace the given XSLT transformation and determine the final value of count.
Analyzing	Trace the given XSLT transformation and determine the final value of the list.
Analyzing	Trace the given XSLT transformation and determine the final value of the result.
Analyzing	Trace the given XSLT transformation and determine the final value of x.
Analyzing	Trace the given algorithm and determine the final value of count.
Analyzing	Trace the given algorithm and determine the final value of the list.
Analyzing	Trace the given algorithm and determine the final value of the result.
Analyzing	Trace the given algorithm and determine the final value of total.
Analyzing	Trace the given algorithm and determine the final value of x.
Analyzing	Trace the given code and determine the final value of count.
Analyzing	Trace the given code and determine the final value of the list.
Analyzing	Trace the given code and determine the final value of total.
Analyzing	Trace the given code and determine the final value of x.
Analyzing	Trace the given flowchart and determine the final value of count.
Analyzing	Trace the given flowchart and determine the final value of the result.
Analyzing	Trace the given flowchart and determine the final value of total.
Analyzing	Trace the given flowchart and determine the final value of x.
Analyzing	Trace the given recursive function and determine the final value of count.
Analyzing	Trace the given recursive function and determine the final value of the list.
Analyzing	Trace the given recursive function and determine the final value of the result.
Analyzing	Tukuyin ang sanhi ng error sa query batay sa ibinigay na datos.
Analyzing	Tukuyin ang sanhi ng mabagal na network batay sa ibinigay na datos.
Analyzing	Tukuyin ang sanhi ng maling resulta batay sa ibinigay na datos.
Analyzing	Tukuyin ang sanhi ng pagkabigo ng sistema batay sa ibinigay na datos.
Analyzing	What can be inferred from the given data about De Morgan's laws?
Analyzing	What can be inferred from the given data about IP address?
Analyzing	What can be inferred from the given data about Philippine Revolution?
Analyzing	What can be inferred from the given data about metaphor?
Analyzing	What can be inferred from the given data about natural selection?
Analyzing	What can be inferred from the given data about polynomial?
Analyzing	What can be inferred from the given data about sample?
Analyzing	What can be inferred from the given data about simile?
Analyzing	What can be inferred from the given data about topic sentence?
Analyzing	What can be inferred from the given data about vaccine?
Analyzing	What can be inferred from the given experiment about XML schema?
Analyzing	What can be inferred from the given experiment about correlation?
Analyzing	What can be inferred from the given experiment about globalization?
Analyzing	What can be inferred from the given experiment about natural selection?
Analyzing	What can be inferred from the given experiment about percentage?
Analyzing	What can be inferred from the given experiment about polynomial?
Analyzing	What can be inferred from the given experiment about switch?
Analyzing	What can be inferred from the given experiment about tone?
Analyzing	What can be inferred from the given graph about DNA?
Analyzing	What can be inferred from the given graph about Pythagorean theorem?
Analyzing	What can be inferred from the given graph about event?
Analyzing	What can be inferred from the given graph about intersection of sets?
Analyzing	What can be inferred from the given graph about ion?
Analyzing	What can be inferred from the given graph about population?
Analyzing	What can be inferred from the given graph about queue?
Analyzing	What can be inferred from the given graph about rule of product?
Analyzing	What can be inferred from the given graph about sustainable development?
Analyzing	What can be inferred from the given graph about tone?
Analyzing	What can be inferred from the given passage about DNS?
Analyzing	What can be inferred from the given passage about Philippine Revolution?
Analyzing	What can be inferred from the given passage about arithmetic sequence?
Analyzing	What can be inferred from the given passage about one-to-one function?
Analyzing	What can be inferred from the given passage about simile?
Analyzing	What can be inferred from the given survey about Karnaugh map?
Analyzing	What can be inferred from the given survey about atom?
Analyzing	What can be inferred from the given survey about cellular respiration?
Analyzing	What can be inferred from the given survey about climate change?
Analyzing	What can be inferred from the given survey about natural selection?
Analyzing	What can be inferred from the given survey about potential energy?
Analyzing	What can be inferred from the given survey about proposition?
Analyzing	What is the output of the following code: a = [1,2,3]; print(a[-1])?
Analyzing	What is the output of the following code: for i in range(3): print(i)?
Analyzing	What is the output of the following code: int x = 5; System.out.println(x++ + x);?
Analyzing	What is the output of the following code: print(10 % 4)?
Analyzing	What is the output of the following code: print(len("system"))?
Analyzing	What is the output of the following code: s = "data"; print(s.upper())?
Analyzing	What is the output of the following code: x = 3; x += 2; print(x * 2)?
Analyzing	What will be printed when the given loop runs with n = 3?
Analyzing	What will be printed when the given loop runs with n = 4?
Analyzing	What will be printed when the given loop runs with n = 5?
Analyzing	What will be printed when the given loop runs with n = 6?
Analyzing	What will be printed when the given loop runs with n = 7?
Analyzing	Which of the following explains the difference between the two designs?
Analyzing	Which of the following explains the difference between the two groups?
Analyzing	Which of the following explains the difference between the two outputs?
Analyzing	Which of the following explains the difference between the two results?
Analyzing	Which of the following explains the difference between the two solutions?
Analyzing	Which part of the following code causes a null pointer exception?
Analyzing	Which part of the following code causes a syntax error?
Analyzing	Which part of the following code causes an index error?
Analyzing	Which part of the following code causes an infinite loop?
Analyzing	Which part of the following code causes the wrong total?
Analyzing	Why does the network crash on empty input?
Analyzing	Why does the network load slowly?
Analyzing	Why does the network print nothing?
Analyzing	Why does the network return the wrong value?
Analyzing	Why does the parser crash on empty input?
Analyzing	Why does the parser load slowly?
Analyzing	Why does the parser print nothing?
Analyzing	Why does the parser return the wrong value?
Analyzing	Why does the program load slowly?
Analyzing	Why does the program show an error?
Analyzing	Why does the query crash on empty input?
Analyzing	Why does the query fail on large inputs?
Analyzing	Why does the query load slowly?
Analyzing	Why does the query return the wrong value?
Analyzing	Why does the web page print nothing?
Analyzing	Why does the web service call load slowly?
Analyzing	Why does the web service call show an error?
Applying	A bag has 2 red and 2 blue balls. What is the probability of drawing a blue ball?
Applying	A bag has 2 red and 4 blue balls. What is the probability of drawing a blue ball?
Applying	A bag has 2 red and 6 blue balls. What is the probability of drawing a blue ball?
Applying	A bag has 3 red and 3 blue balls. What is the probability of drawing a blue ball?
Applying	A bag has 3 red and 4 blue balls. What is the probability of drawing a blue ball?
Applying	A bag has 3 red and 6 blue balls. What is the probability of drawing a blue ball?
Applying	A bag has 4 red and 2 blue balls. What is the probability of drawing a blue ball?
Applying	A bag has 4 red and 3 blue balls. What is the probability of drawing a blue ball?
Applying	A bag has 4 red and 6 blue balls. What is the probability of drawing a blue ball?
Applying	A bag has 5 red and 2 blue balls. What is the probability of drawing a blue ball?
Applying	A bag has 5 red and 3 blue balls. What is the probability of drawing a blue ball?
Applying	A bag has 5 red and 6 blue balls. What is the probability of drawing a blue ball?
Applying	A bag has 5 red and 7 blue balls. What is the probability of drawing a blue ball?
Applying	A bag has 6 red and 4 blue balls. What is the probability of drawing a blue ball?
Applying	A bag has 6 red and 5 blue balls. What is the probability of drawing a blue ball?
Applying	A bag has 7 red and 4 blue balls. What is the probability of drawing a blue ball?
Applying	A bag has 8 red and 4 blue balls. What is the probability of drawing a blue ball?
Applying	A bag has 8 red and 6 blue balls. What is the probability of drawing a blue ball?
Applying	A bag has 8 red and 8 blue balls. What is the probability of drawing a blue ball?
Applying	Apply the formula for simple interest to 13,000 pesos at 3% for 5 years.
Applying	Apply the formula for simple interest to 14,000 pesos at 2% for 3 years.
Applying	Apply the formula for simple interest to 16,000 pesos at 9% for 5 years.
Applying	Apply the formula for simple interest to 19,000 pesos at 2% for 1 years.
Applying	Apply the formula for simple interest to 25,000 pesos at 5% for 2 years.
Applying	Apply the formula for simple interest to 27,000 pesos at 2% for 1 years.
Applying	Apply the formula for simple interest to 28,000 pesos at 8% for 3 years.
Applying	Apply the formula for simple interest to 29,000 pesos at 7% for 3 years.
Applying	Apply the formula for simple interest to 33,000 pesos at 5% for 4 years.
Applying	Apply the formula for simple interest to 33,000 pesos at 5% for 5 years.
Applying	Apply the formula for simple interest to 35,000 pesos at 5% for 2 years.
Applying	Apply the formula for simple interest to 35,000 pesos at 5% for 5 years.
Applying	Apply the formula for simple interest to 36,000 pesos at 3% for 5 years.
Applying	Apply the formula for simple interest to 41,000 pesos at 2% for 3 years.
Applying	Apply the formula for simple interest to 43,000 pesos at 7% for 5 years.
Applying	Apply the formula for simple interest to 43,000 pesos at 8% for 1 years.
Applying	Apply the formula for simple interest to 44,000 pesos at 8% for 2 years.
Applying	Apply the formula for simple interest to 46,000 pesos at 4% for 2 years.
Applying	Apply the formula for simple interest to 46,000 pesos at 8% for 3 years.
Applying	Apply the formula for simple interest to 47,000 pesos at 4% for 3 years.
Applying	Apply the formula for simple interest to 6,000 pesos at 7% for 1 years.
Applying	Apply the formula for simple interest to 7,000 pesos at 4% for 4 years.
Applying	Apply the formula for simple interest to 7,000 pesos at 8% for 4 years.
Applying	Apply the formula for simple interest to 8,000 pesos at 9% for 2 years.
Applying	Calculate the number of usable hosts in a /24 network.
Applying	Calculate the number of usable hosts in a /25 network.
Applying	Calculate the number of usable hosts in a /26 network.
Applying	Calculate the number of usable hosts in a /27 network.
Applying	Calculate the number of usable hosts in a /28 network.
Applying	Calculate the number of usable hosts in a /29 network.
Applying	Calculate the number of usable hosts in a /30 network.
Applying	Compute 4!.
Applying	Compute 5!.
Applying	Compute 6!.
Applying	Compute 7!.
Applying	Compute 8!.
Applying	Compute 9!.
Applying	Compute C(10,2).
Applying	Compute C(10,4).
Applying	Compute C(11,5).
Applying	Compute C(12,3).
Applying	Compute C(12,5).
Applying	Compute C(13,5).
Applying	Compute C(14,2).
Applying	Compute C(14,4).
Applying	Compute C(15,3).
Applying	Compute C(15,4).
Applying	Compute C(7,3).
Applying	Compute C(8,3).
Applying	Construct a truth table for (p → q) AND q.
Applying	Construct a truth table for NOT(p AND q).
Applying	Construct a truth table for p AND q.
Applying	Construct a truth table for p OR NOT q.
Applying	Construct a truth table for p XOR q.
Applying	Construct a truth table for p → q.
Applying	Convert 100001 in binary to decimal.
Applying	Convert 100010 in binary to decimal.
Applying	Convert 100111 in binary to decimal.
Applying	Convert 101 in binary to decimal.
Applying	Convert 10100 in binary to decimal.
Applying	Convert 10101 in binary to decimal.
Applying	Convert 101010 in binary to decimal.
Applying	Convert 10110 in binary to decimal.
Applying	Convert 10111 in binary to decimal.
Applying	Convert 101110 in binary to decimal.
Applying	Convert 106 to binary.
Applying	Convert 108 to binary.
Applying	Convert 1100 in binary to decimal.
Applying	Convert 110000 in binary to decimal.
Applying	Convert 11001 in binary to decimal.
Applying	Convert 110010 in binary to decimal.
Applying	Convert 110100 in binary to decimal.
Applying	Convert 110101 in binary to decimal.
Applying	Convert 11011 in binary to decimal.
Applying	Convert 110110 in binary to decimal.
Applying	Convert 111 in binary to decimal.
Applying	Convert 1110 in binary to decimal.
Applying	Convert 11101 in binary to decimal.
Applying	Convert 111011 in binary to decimal.
Applying	Convert 1111 in binary to decimal.
Applying	Convert 11111 in binary to decimal.
Applying	Convert 173 to binary.
Applying	Convert 177 to binary.
Applying	Convert 181 to binary.
Applying	Convert 205 to binary.
Applying	Convert 210 to binary.
Applying	Convert 218 to binary.
Applying	Convert 231 to binary.
Applying	Convert 41 to binary.
Applying	Convert 58 to binary.
Applying	Convert 59 to binary.
Applying	Convert 62 to binary.
Applying	Convert 65 to binary.
Applying	Convert 67 to binary.
Applying	Convert 83 to binary.
Applying	Convert 94 to binary.
Applying	Draw the Venn diagram for A − B.
Applying	Draw the Venn diagram for A ∩ B.
Applying	Draw the Venn diagram for A ∪ B.
Applying	Draw the Venn diagram for the complement of A.
Applying	Find the area of a rectangle that is 10 m long and 5 m wide.
Applying	Find the area of a rectangle that is 10 m long and 8 m wide.
Applying	Find the area of a rectangle that is 11 m long and 4 m wide.
Applying	Find the area of a rectangle that is 11 m long and 7 m wide.
Applying	Find the area of a rectangle that is 12 m long and 2 m wide.
Applying	Find the area of a rectangle that is 13 m long and 3 m wide.
Applying	Find the area of a rectangle that is 14 m long and 4 m wide.
Applying	Find the area of a rectangle that is 14 m long and 6 m wide.
Applying	Find the area of a rectangle that is 14 m long and 8 m wide.
Applying	Find the area of a rectangle that is 15 m long and 8 m wide.
Applying	Find the area of a rectangle that is 16 m long and 8 m wide.
Applying	Find the area of a rectangle that is 17 m long and 12 m wide.
Applying	Find the area of a rectangle that is 18 m long and 5 m wide.
Applying	Find the area of a rectangle that is 18 m long and 6 m wide.
Applying	Find the area of a rectangle that is 19 m long and 10 m wide.
Applying	Find the area of a rectangle that is 19 m long and 4 m wide.
Applying	Find the area of a rectangle that is 20 m long and 4 m wide.
Applying	Find the area of a rectangle that is 4 m long and 10 m wide.
Applying	Find the area of a rectangle that is 4 m long and 2 m wide.
Applying	Find the area of a rectangle that is 4 m long and 4 m wide.
Applying	Find the area of a rectangle that is 4 m long and 5 m wide.
Applying	Find the area of a rectangle that is 4 m long and 7 m wide.
Applying	Find the area of a rectangle that is 4 m long and 8 m wide.
Applying	Find the area of a rectangle that is 4 m long and 9 m wide.
Applying	Find the area of a rectangle that is 6 m long and 12 m wide.
Applying	Find the area of a rectangle that is 6 m long and 5 m wide.
Applying	Find the area of a rectangle that is 8 m long and 7 m wide.
Applying	Find the mean of 53, 89, 90, 92, 89.
Applying	Find the mean of 54, 86, 57, 53, 85.
Applying	Find the mean of 57, 86, 62, 87, 84.
Applying	Find the mean of 65, 74, 55, 73, 64.
Applying	Find the mean of 65, 96, 92, 90, 56.
Applying	Find the mean of 66, 65, 96, 90, 81.
Applying	Find the mean of 67, 75, 55, 73, 75.
Applying	Find the mean of 68, 54, 91, 55, 89.
Applying	Find the mean of 69, 61, 63, 71, 99.
Applying	Find the mean of 70, 76, 52, 86, 64.
Applying	Find the mean of 73, 68, 74, 76, 99.
Applying	Find the mean of 73, 78, 98, 54, 86.
Applying	Find the mean of 74, 86, 52, 88, 59.
Applying	Find the mean of 75, 79, 99, 93, 87.
Applying	Find the mean of 79, 89, 61, 93, 95.
Applying	Find the mean of 80, 56, 78, 96, 94.
Applying	Find the mean of 82, 81, 79, 56, 96.
Applying	Find the mean of 82, 97, 93, 60, 51.
Applying	Find the mean of 85, 55, 88, 88, 70.
Applying	Find the mean of 85, 74, 77, 61, 93.
Applying	Find the mean of 93, 86, 78, 79, 99.
Applying	Find the mean of 93, 96, 65, 78, 89.
Applying	Find the median of 17, 1, 14, 38, 5.
Applying	Find the median of 21, 18, 16, 8, 2.
Applying	Find the median of 22, 40, 25, 22, 29.
Applying	Find the median of 25, 36, 31, 4, 1.
Applying	Find the median of 30, 35, 23, 20, 17.
Applying	Find the median of 30, 38, 36, 3, 29.
Applying	Find the median of 31, 3, 25, 24, 17.
Applying	Find the median of 31, 34, 27, 27, 37.
Applying	Find the median of 33, 18, 24, 30, 32.
Applying	Find the median of 33, 20, 8, 19, 24.
Applying	Find the median of 33, 34, 27, 11, 13.
Applying	Find the median of 35, 31, 17, 3, 13.
Applying	Find the median of 36, 8, 17, 17, 29.
Applying	Find the median of 6, 36, 16, 37, 34.
Applying	Gamitin ang talahanayan ng katotohanan upang makuha ang halaga ng HINDI p.
Applying	Gamitin ang talahanayan ng katotohanan upang makuha ang halaga ng p AT q.
Applying	Gamitin ang talahanayan ng katotohanan upang makuha ang halaga ng p O q.
Applying	Given A = {2, 2, 5} and B = {3, 7, 3}, find A ∪ B.
Applying	Given A = {2, 2, 9} and B = {3, 6, 6}, find A ∪ B.
Applying	Given A = {2, 9, 1} and B = {2, 8, 1}, find A ∪ B.
Applying	Given A = {2, 9, 3} and B = {1, 4, 8}, find A ∪ B.
Applying	Given A = {2, 9, 9} and B = {5, 5, 3}, find A ∪ B.
Applying	Given A = {3, 2, 8} and B = {7, 6, 2}, find A ∪ B.
Applying	Given A = {3, 4, 3} and B = {6, 4, 7}, find A ∪ B.
Applying	Given A = {3, 5, 7} and B = {1, 6, 4}, find A ∪ B.
Applying	Given A = {3, 6, 9} and B = {4, 2, 4}, find A ∪ B.
Applying	Given A = {3, 8, 1} and B = {9, 7, 7}, find A ∪ B.
Applying	Given A = {3, 8, 8} and B = {1, 2, 1}, find A ∪ B.
Applying	Given A = {3, 9, 4} and B = {9, 6, 8}, find A ∪ B.
Applying	Given A = {4, 1, 2} and B = {8, 5, 3}, find A ∪ B.
Applying	Given A = {4, 7, 4} and B = {9, 6, 5}, find A ∪ B.
Applying	Given A = {5, 3, 2} and B = {4, 4, 1}, find A ∪ B.
Applying	Given A = {5, 8, 1} and B = {6, 6, 2}, find A ∪ B.
Applying	Given A = {6, 8, 9} and B = {8, 3, 9}, find A ∪ B.
Applying	Given A = {7, 3, 2} and B = {5, 9, 7}, find A ∪ B.
Applying	Given A = {7, 7, 2} and B = {8, 8, 7}, find A ∪ B.
Applying	Given A = {7, 7, 3} and B = {5, 7, 3}, find A ∪ B.
Applying	Given A = {8, 1, 5} and B = {4, 1, 4}, find A ∪ B.
Applying	Given A = {8, 4, 6} and B = {7, 5, 7}, find A ∪ B.
Applying	Given A = {8, 6, 9} and B = {5, 2, 7}, find A ∪ B.
Applying	Given A = {9, 2, 5} and B = {2, 3, 5}, find A ∪ B.
Applying	Given A = {9, 2, 7} and B = {9, 6, 1}, find A ∪ B.
Applying	Given A = {9, 3, 6} and B = {1, 8, 2}, find A ∪ B.
Applying	Given A = {9, 8, 9} and B = {4, 4, 2}, find A ∪ B.
Applying	How many different 3-digit codes can be formed using the digits 0 to 9?
Applying	How many different 4-digit codes can be formed using the digits 0 to 9?
Applying	How many different 5-digit codes can be formed using the digits 0 to 9?
Applying	How many different 6-digit codes can be formed using the digits 0 to 9?
Applying	How many ways can 3 guests be chosen from 12 for a committee?
Applying	How many ways can 3 guests be chosen from 14 for a committee?
Applying	How many ways can 3 members be chosen from 11 for a committee?
Applying	How many ways can 3 officers be chosen from 10 for a committee?
Applying	How many ways can 4 applicants be chosen from 12 for a committee?
Applying	How many ways can 4 guests be chosen from 15 for a committee?
Applying	How many ways can 4 nurses be chosen from 10 for a committee?
Applying	How many ways can 5 guests be chosen from 13 for a committee?
Applying	How many ways can 5 members be chosen from 11 for a committee?
Applying	How many ways can 5 nurses be chosen from 9 for a committee?
Applying	How many ways can 5 teachers be chosen from 10 for a committee?
Applying	How many ways can 5 teachers be chosen from 13 for a committee?
Applying	How many ways can 6 applicants be chosen from 15 for a committee?
Applying	How many ways can 6 players be chosen from 11 for a committee?
Applying	How many ways can 6 players be chosen from 9 for a committee?
Applying	How many ways can 6 runners be chosen from 14 for a committee?
Applying	I-convert ang 12 sa binary.
Applying	I-convert ang 13 sa binary.
Applying	I-convert ang 14 sa binary.
Applying	I-convert ang 15 sa binary.
Applying	I-convert ang 17 sa binary.
Applying	I-convert ang 20 sa binary.
Applying	I-convert ang 22 sa binary.
Applying	I-convert ang 23 sa binary.
Applying	I-convert ang 24 sa binary.
Applying	I-convert ang 30 sa binary.
Applying	I-convert ang 32 sa binary.
Applying	I-convert ang 36 sa binary.
Applying	I-convert ang 38 sa binary.
Applying	I-convert ang 41 sa binary.
Applying	I-convert ang 47 sa binary.
Applying	I-convert ang 50 sa binary.
Applying	I-convert ang 52 sa binary.
Applying	I-convert ang 54 sa binary.
Applying	I-convert ang 66 sa binary.
Applying	I-convert ang 67 sa binary.
Applying	I-convert ang 70 sa binary.
Applying	I-convert ang 71 sa binary.
Applying	I-convert ang 78 sa binary.
Applying	I-convert ang 82 sa binary.
Applying	I-convert ang 83 sa binary.
Applying	I-convert ang 88 sa binary.
Applying	I-convert ang 98 sa binary.
Applying	If P(A) = 0.2 and P(B) = 0.1 and the events are independent, find P(A and B).
Applying	If P(A) = 0.2 and P(B) = 0.2 and the events are independent, find P(A and B).
Applying	If P(A) = 0.2 and P(B) = 0.3 and the events are independent, find P(A and B).
Applying	If P(A) = 0.3 and P(B) = 0.3 and the events are independent, find P(A and B).
Applying	If P(A) = 0.4 and P(B) = 0.2 and the events are independent, find P(A and B).
Applying	If P(A) = 0.4 and P(B) = 0.3 and the events are independent, find P(A and B).
Applying	If P(A) = 0.5 and P(B) = 0.1 and the events are independent, find P(A and B).
Applying	If P(A) = 0.5 and P(B) = 0.3 and the events are independent, find P(A and B).
Applying	If P(A) = 0.6 and P(B) = 0.2 and the events are independent, find P(A and B).
Applying	If P(A) = 0.6 and P(B) = 0.3 and the events are independent, find P(A and B).
Applying	If one book costs 69 pesos, how much do 6 cost?
Applying	If one book costs 81 pesos, how much do 8 cost?
Applying	If one chair costs 42 pesos, how much do 10 cost?
Applying	If one cups of coffe costs 81 pesos, how much do 9 cost?
Applying	If one loaves of brea costs 54 pesos, how much do 14 cost?
Applying	If one loaves of brea costs 59 pesos, how much do 15 cost?
Applying	If one pen costs 12 pesos, how much do 7 cost?
Applying	If one shirt costs 50 pesos, how much do 3 cost?
Applying	If one shirt costs 57 pesos, how much do 5 cost?
Applying	If one ticket costs 23 pesos, how much do 5 cost?
Applying	If one ticket costs 44 pesos, how much do 6 cost?
Applying	If one ticket costs 56 pesos, how much do 7 cost?
Applying	If one ticket costs 59 pesos, how much do 14 cost?
Applying	If one ticket costs 80 pesos, how much do 9 cost?
Applying	In how many ways can 4 members line up in a row?
Applying	In how many ways can 4 nurses line up in a row?
Applying	In how many ways can 4 players line up in a row?
Applying	In how many ways can 4 teachers line up in a row?
Applying	In how many ways can 5 officers line up in a row?
Applying	In how many ways can 6 guests line up in a row?
Applying	In how many ways can 6 officers line up in a row?
Applying	In how many ways can 6 students line up in a row?
Applying	In how many ways can 6 teachers line up in a row?
Applying	In how many ways can 6 volunteers line up in a row?
Applying	In how many ways can 7 nurses line up in a row?
Applying	In how many ways can 7 runners line up in a row?
Applying	In how many ways can 7 students line up in a row?
Applying	In how many ways can 7 teachers line up in a row?
Applying	In how many ways can 8 members line up in a row?
Applying	In how many ways can 8 nurses line up in a row?
Applying	In how many ways can 8 runners line up in a row?
Applying	In how many ways can 8 students line up in a row?
Applying	Kalkulahin ang 12% ng 392 piso.
Applying	Kalkulahin ang 12% ng 456 piso.
Applying	Kalkulahin ang 12% ng 662 piso.
Applying	Kalkulahin ang 18% ng 253 piso.
Applying	Kalkulahin ang 21% ng 294 piso.
Applying	Kalkulahin ang 21% ng 608 piso.
Applying	Kalkulahin ang 21% ng 767 piso.
Applying	Kalkulahin ang 22% ng 212 piso.
Applying	Kalkulahin ang 25% ng 740 piso.
Applying	Kalkulahin ang 26% ng 679 piso.
Applying	Kalkulahin ang 29% ng 628 piso.
Applying	Kalkulahin ang 30% ng 232 piso.
Applying	Kalkulahin ang 30% ng 523 piso.
Applying	Kalkulahin ang 30% ng 539 piso.
Applying	Kalkulahin ang 33% ng 897 piso.
Applying	Kalkulahin ang 34% ng 248 piso.
Applying	Kalkulahin ang 34% ng 295 piso.
Applying	Kalkulahin ang 35% ng 303 piso.
Applying	Kalkulahin ang 35% ng 618 piso.
Applying	Kalkulahin ang 36% ng 289 piso.
Applying	Kalkulahin ang 37% ng 263 piso.
Applying	Kalkulahin ang 39% ng 540 piso.
Applying	Lutasin: ilang paraan maaaring pumili ng 2 mula sa 10 na kandidato?
Applying	Lutasin: ilang paraan maaaring pumili ng 2 mula sa 11 na kandidato?
Applying	Lutasin: ilang paraan maaaring pumili ng 2 mula sa 12 na kandidato?
Applying	Lutasin: ilang paraan maaaring pumili ng 2 mula sa 7 na kandidato?
Applying	Lutasin: ilang paraan maaaring pumili ng 3 mula sa 10 na kandidato?
Applying	Lutasin: ilang paraan maaaring pumili ng 3 mula sa 11 na kandidato?
Applying	Lutasin: ilang paraan maaaring pumili ng 3 mula sa 12 na kandidato?
Applying	Lutasin: ilang paraan maaaring pumili ng 3 mula sa 6 na kandidato?
Applying	Lutasin: ilang paraan maaaring pumili ng 3 mula sa 7 na kandidato?
Applying	Lutasin: ilang paraan maaaring pumili ng 4 mula sa 10 na kandidato?
Applying	Lutasin: ilang paraan maaaring pumili ng 4 mula sa 12 na kandidato?
Applying	Lutasin: ilang paraan maaaring pumili ng 4 mula sa 7 na kandidato?
Applying	Lutasin: ilang paraan maaaring pumili ng 5 mula sa 10 na kandidato?
Applying	Lutasin: ilang paraan maaaring pumili ng 5 mula sa 11 na kandidato?
Applying	Lutasin: ilang paraan maaaring pumili ng 5 mula sa 12 na kandidato?
Applying	Lutasin: ilang paraan maaaring pumili ng 5 mula sa 6 na kandidato?
Applying	Lutasin: ilang paraan maaaring pumili ng 5 mula sa 8 na kandidato?
Applying	Simplify the Boolean expression (A + B)(A + NOT B).
Applying	Simplify the Boolean expression A + AB.
Applying	Simplify the Boolean expression A + NOT A · B.
Applying	Simplify the Boolean expression A(A + B).
Applying	Simplify the Boolean expression AB + A NOT B.
Applying	Simplify the Boolean expression NOT(NOT A).
Applying	Solve for x: 2x + 12 = 35.
Applying	Solve for x: 2x + 13 = 89.
Applying	Solve for x: 3x + 1 = 36.
Applying	Solve for x: 4x + 15 = 69.
Applying	Solve for x: 4x + 16 = 47.
Applying	Solve for x: 4x + 19 = 74.
Applying	Solve for x: 5x + 3 = 68.
Applying	Solve for x: 6x + 1 = 85.
Applying	Solve for x: 6x + 14 = 63.
Applying	Solve for x: 8x + 1 = 50.
Applying	Solve for x: 8x + 15 = 34.
Applying	Solve for x: 8x + 15 = 74.
Applying	Solve for x: 9x + 14 = 81.
Applying	Solve for x: 9x + 16 = 50.
Applying	Solve for x: 9x + 18 = 90.
Applying	Use De Morgan's law to rewrite NOT(A AND B).
Applying	Use De Morgan's law to rewrite NOT(A OR B).
Applying	Use De Morgan's law to rewrite NOT(p OR q).
Applying	Use the given data to compute the standard deviation.
Applying	What is 13% of 749?
Applying	What is 21% of 510?
Applying	What is 22% of 671?
Applying	What is 23% of 181?
Applying	What is 30% of 502?
Applying	What is 30% of 848?
Applying	What is 32% of 570?
Applying	What is 33% of 608?
Applying	What is 41% of 106?
Applying	What is 49% of 627?
Applying	What is 50% of 851?
Applying	What is 59% of 873?
Applying	What is 65% of 208?
Applying	What is 65% of 766?
Applying	What is 68% of 311?
Applying	What is 74% of 621?
Applying	What is 79% of 462?
Applying	What is 81% of 474?
Applying	What is 81% of 536?
Applying	What is 84% of 102?
Applying	What is 87% of 587?
Applying	What is 89% of 234?
Applying	What is 92% of 175?
Applying	What is 92% of 180?
Applying	What is 92% of 279?
Applying	What is 94% of 402?
Applying	What is 96% of 712?
Applying	Write a C program that computes the average of three grades.
Applying	Write a C program that computes the sum of a list.
Applying	Write a C program that counts the vowels in a word.
Applying	Write a C program that finds the largest of three numbers.
Applying	Write a C program that prints the numbers 1 to 20.
Applying	Write a Java program that checks if a number is positive.
Applying	Write a Java program that computes the average of three grades.
Applying	Write a Java program that computes the sum of a list.
Applying	Write a Java program that converts kilometers to miles.
Applying	Write a Java program that counts the vowels in a word.
Applying	Write a JavaScript program that checks if a number is positive.
Applying	Write a JavaScript program that computes the average of three grades.
Applying	Write a JavaScript program that computes the sum of a list.
Applying	Write a JavaScript program that counts the vowels in a word.
Applying	Write a JavaScript program that prints the numbers 1 to 20.
Applying	Write a Python program that checks if a number is positive.
Applying	Write a Python program that computes the average of three grades.
Applying	Write a Python program that finds the largest of three numbers.
Applying	Write an SQL query that counts the orders per customer.
Applying	Write an SQL query that deletes records older than 2020.
Applying	Write an SQL query that lists all students from Lubang.
Applying	Write an SQL query that returns the average grade per section.
Applying	Write an SQL query that shows products priced above 500.
Applying	Write an SQL query that updates the email of employee 12.
Applying	Write the XPath expression that selects all book titles.
Applying	Write the XPath expression that selects all items with price greater than 100.
Applying	Write the XPath expression that selects every employee in the IT department.
Applying	Write the XPath expression that selects the name of the first student.
Creating	Build a prototype of a chatbot flow for a municipal permit office.
Creating	Build a prototype of a dashboard for a barangay health center.
Creating	Build a prototype of a dashboard for a jeepney terminal.
Creating	Build a prototype of a dashboard for a parish office.
Creating	Build a prototype of a database for a school clinic.
Creating	Build a prototype of a lesson plan for a small bakery.
Creating	Build a prototype of a logic circuit for a school clinic.
Creating	Build a prototype of a logic circuit for a student organization.
Creating	Build a prototype of a mobile app for a barangay health center.
Creating	Build a prototype of a mobile app for a boarding house.
Creating	Build a prototype of a network for a sari-sari store.
Creating	Build a prototype of a program for a fishing cooperative.
Creating	Build a prototype of a set of APIs for a small bakery.
Creating	Build a prototype of a survey questionnaire for a barangay health center.
Creating	Build a prototype of a survey questionnaire for a hardware store.
Creating	Build a prototype of a web service for a hardware store.
Creating	Build a prototype of a web service for a jeepney terminal.
Creating	Build a prototype of an ERD for a fishing cooperative.
Creating	Build a prototype of an ERD for a sari-sari store.
Creating	Build a prototype of an ERD for a small bakery.
Creating	Build a prototype of an information system for a boarding house.
Creating	Build a prototype of an information system for a public market.
Creating	Build a prototype of an integration plan for a boarding house.
Creating	Bumuo ng database para sa boarding house.
Creating	Bumuo ng database para sa parish office.
Creating	Bumuo ng database para sa public market.
Creating	Bumuo ng database para sa registrar's office.
Creating	Bumuo ng database para sa small bakery.
Creating	Bumuo ng plano para sa boarding house.
Creating	Bumuo ng plano para sa parish office.
Creating	Bumuo ng plano para sa registrar's office.
Creating	Bumuo ng plano para sa school library.
Creating	Bumuo ng programa para sa campus canteen.
Creating	Bumuo ng programa para sa computer laboratory.
Creating	Bumuo ng programa para sa parish office.
Creating	Bumuo ng programa para sa registrar's office.
Creating	Bumuo ng programa para sa student organization.
Creating	Bumuo ng programa para sa tricycle drivers' association.
Creating	Bumuo ng website para sa clinic.
Creating	Bumuo ng website para sa computer laboratory.
Creating	Bumuo ng website para sa municipal permit office.
Creating	Bumuo ng website para sa school clinic.
Creating	Come up with a new way to explain Bill of Rights to Grade 10 students.
Creating	Come up with a new way to explain Boolean algebra to Grade 10 students.
Creating	Come up with a new way to explain De Morgan's laws to Grade 10 students.
Creating	Come up with a new way to explain HTTP to Grade 10 students.
Creating	Come up with a new way to explain Katipunan to Grade 10 students.
Creating	Come up with a new way to explain Newton's second law to Grade 10 students.
Creating	Come up with a new way to explain Pythagorean theorem to Grade 10 students.
Creating	Come up with a new way to explain XPath to Grade 10 students.
Creating	Come up with a new way to explain atom to Grade 10 students.
Creating	Come up with a new way to explain cellular respiration to Grade 10 students.
Creating	Come up with a new way to explain compound interest to Grade 10 students.
Creating	Come up with a new way to explain contradiction to Grade 10 students.
Creating	Come up with a new way to explain digestive system to Grade 10 students.
Creating	Come up with a new way to explain electric current to Grade 10 students.
Creating	Come up with a new way to explain flashback to Grade 10 students.
Creating	Come up with a new way to explain function to Grade 10 students.
Creating	Come up with a new way to explain intersection of sets to Grade 10 students.
Creating	Come up with a new way to explain limit to Grade 10 students.
Creating	Come up with a new way to explain load balancing to Grade 10 students.
Creating	Come up with a new way to explain percentage to Grade 10 students.
Creating	Come up with a new way to explain permutation to Grade 10 students.
Creating	Come up with a new way to explain personification to Grade 10 students.
Creating	Come up with a new way to explain polynomial to Grade 10 students.
Creating	Come up with a new way to explain process to Grade 10 students.
Creating	Come up with a new way to explain recursion to Grade 10 students.
Creating	Come up with a new way to explain theme to Grade 10 students.
Creating	Come up with a new way to explain thesis statement to Grade 10 students.
Creating	Come up with a new way to explain tone to Grade 10 students.
Creating	Come up with a new way to explain unit testing to Grade 10 students.
Creating	Come up with a new way to explain virtualization to Grade 10 students.
Creating	Compose an original dialogue about family.
Creating	Compose an original dialogue about friendship.
Creating	Compose an original dialogue about honesty.
Creating	Compose an original dialogue about the rainy season.
Creating	Compose an original editorial about climate change.
Creating	Compose an original editorial about the rainy season.
Creating	Compose an original editorial about the town fiesta.
Creating	Compose an original essay about first day of school.
Creating	Compose an original essay about the sea.
Creating	Compose an original letter about climate change.
Creating	Compose an original letter about friendship.
Creating	Compose an original letter about the town fiesta.
Creating	Compose an original poem about technology.
Creating	Compose an original reflection paper about friendship.
Creating	Compose an original reflection paper about the rainy season.
Creating	Compose an original reflection paper about the sea.
Creating	Compose an original reflection paper about the town fiesta.
Creating	Compose an original script about climate change.
Creating	Compose an original script about life in the province.
Creating	Compose an original script about the town fiesta.
Creating	Compose an original short story about climate change.
Creating	Compose an original short story about the town fiesta.
Creating	Compose an original song about a Filipino hero.
Creating	Compose an original song about friendship.
Creating	Compose an original song about the town fiesta.
Creating	Compose an original speech about the pandemic.
Creating	Construct an original example that shows DNS.
Creating	Construct an original example that shows TCP.
Creating	Construct an original example that shows a CSS selector.
Creating	Construct an original example that shows a derivative.
Creating	Construct an original example that shows a firewall.
Creating	Construct an original example that shows a hash table.
Creating	Construct an original example that shows a set.
Creating	Construct an original example that shows a tautology.
Creating	Construct an original example that shows an enterprise service bus.
Creating	Construct an original example that shows an index.
Creating	Construct an original example that shows irony.
Creating	Construct an original example that shows nationalism.
Creating	Construct an original example that shows responsive design.
Creating	Construct an original example that shows the Pythagorean theorem.
Creating	Construct an original example that shows version control.
Creating	Create a class diagram that helps a computer laboratory manage its records.
Creating	Create a dashboard that helps a student organization manage its records.
Creating	Create a database that helps a farm cooperative manage its records.
Creating	Create a lesson plan that helps a barangay health center manage its records.
Creating	Create a lesson plan that helps a public market manage its records.
Creating	Create a logic circuit that helps a school clinic manage its records.
Creating	Create a mobile app that helps a small bakery manage its records.
Creating	Create a mobile app that helps a student organization manage its records.
Creating	Create a network that helps a public market manage its records.
Creating	Create a program that helps a clinic manage its records.
Creating	Create a program that helps a fishing cooperative manage its records.
Creating	Create a survey questionnaire that helps a barangay health center manage its records.
Creating	Create a survey questionnaire that helps a student organization manage its records.
Creating	Create a web service that helps a barangay health center manage its records.
Creating	Create a web service that helps a school clinic manage its records.
Creating	Create a website that helps a parish office manage its records.
Creating	Create a website that helps a student organization manage its records.
Creating	Create an ERD that helps a boarding house manage its records.
Creating	Create an ERD that helps a hardware store manage its records.
Creating	Create an ERD that helps a small bakery manage its records.
Creating	Create an information system that helps a campus canteen manage its records.
Creating	Create an information system that helps a parish office manage its records.
Creating	Create an information system that helps a student organization manage its records.
Creating	Design a class diagram for a boarding house.
Creating	Design a class diagram for a computer laboratory.
Creating	Design a database for a clinic.
Creating	Design a database for a sari-sari store.
Creating	Design a lesson plan for a barangay health center.
Creating	Design a lesson plan for a hardware store.
Creating	Design a logic circuit for a barangay health center.
Creating	Design a logic circuit for a hardware store.
Creating	Design a mobile app for a clinic.
Creating	Design a mobile app for a hardware store.
Creating	Design a set of APIs for a campus canteen.
Creating	Design a set of APIs for a small bakery.
Creating	Design a web service for a farm cooperative.
Creating	Design a website for a hardware store.
Creating	Design an information system for a tricycle drivers' association.
Creating	Design an integration plan for a clinic.
Creating	Design an integration plan for a farm cooperative.
Creating	Design an integration plan for a public market.
Creating	Design an integration plan for a tricycle drivers' association.
Creating	Develop a chatbot flow for a small bakery and explain its main features.
Creating	Develop a class diagram for a school library and explain its main features.
Creating	Develop a class diagram for a student organization and explain its main features.
Creating	Develop a dashboard for a registrar's office and explain its main features.
Creating	Develop a dashboard for a small bakery and explain its main features.
Creating	Develop a database for a fishing cooperative and explain its main features.
Creating	Develop a database for a parish office and explain its main features.
Creating	Develop a database for a school library and explain its main features.
Creating	Develop a mobile app for a farm cooperative and explain its main features.
Creating	Develop a network for a clinic and explain its main features.
Creating	Develop a network for a municipal permit office and explain its main features.
Creating	Develop a network for a registrar's office and explain its main features.
Creating	Develop a set of APIs for a campus canteen and explain its main features.
Creating	Develop a survey questionnaire for a boarding house and explain its main features.
Creating	Develop a survey questionnaire for a public market and explain its main features.
Creating	Develop a survey questionnaire for a student organization and explain its main features.
Creating	Develop a web service for a public market and explain its main features.
Creating	Develop a website for a hardware store and explain its main features.
Creating	Develop a website for a municipal permit office and explain its main features.
Creating	Develop an information system for a small bakery and explain its main features.
Creating	Develop an information system for a tricycle drivers' association and explain its main features.
Creating	Develop an integration plan for a computer laboratory and explain its main features.
Creating	Develop an integration plan for a public market and explain its main features.
Creating	Develop an integration plan for a registrar's office and explain its main features.
Creating	Devise an algorithm that detects late payments.
Creating	Devise an algorithm that finds duplicate records.
Creating	Devise an algorithm that groups students by skill level.
Creating	Devise an algorithm that recommends books to students.
Creating	Devise an algorithm that schedules exams without conflicts.
Creating	Draft a research proposal on Boolean algebra in a student organization.
Creating	Draft a research proposal on DNS in a school library.
Creating	Draft a research proposal on DOM in a boarding house.
Creating	Draft a research proposal on IP address in a boarding house.
Creating	Draft a research proposal on Karnaugh map in a registrar's office.
Creating	Draft a research proposal on Katipunan in a municipal permit office.
Creating	Draft a research proposal on base in a registrar's office.
Creating	Draft a research proposal on compiler in a municipal permit office.
Creating	Draft a research proposal on conditional probability in a farm cooperative.
Creating	Draft a research proposal on enterprise service bus in a student organization.
Creating	Draft a research proposal on function in a school clinic.
Creating	Draft a research proposal on function's domain in a farm cooperative.
Creating	Draft a research proposal on independent events in a boarding house.
Creating	Draft a research proposal on index in a municipal permit office.
Creating	Draft a research proposal on intersection of sets in a municipal permit office.
Creating	Draft a research proposal on intersection of sets in a public market.
Creating	Draft a research proposal on loop in a jeepney terminal.
Creating	Draft a research proposal on middleware in a registrar's office.
Creating	Draft a research proposal on proportion in a sari-sari store.
Creating	Draft a research proposal on recursion in a small bakery.
Creating	Draft a research proposal on separation of powers in a school clinic.
Creating	Draft a research proposal on supporting detail in a municipal permit office.
Creating	Formulate an original problem that uses a Hamiltonian circuit and solve it.
Creating	Formulate an original problem that uses a biconditional and solve it.
Creating	Formulate an original problem that uses a logic gate and solve it.
Creating	Formulate an original problem that uses a random variable and solve it.
Creating	Formulate an original problem that uses a subset and solve it.
Creating	Formulate an original problem that uses a tautology and solve it.
Creating	Formulate an original problem that uses a truth table and solve it.
Creating	Formulate an original problem that uses mathematical induction and solve it.
Creating	Formulate an original problem that uses the contrapositive and solve it.
Creating	Formulate an original problem that uses the power set and solve it.
Creating	Formulate an original problem that uses variance and solve it.
Creating	Generate a new set of questions that assess understanding of Boolean algebra.
Creating	Generate a new set of questions that assess understanding of CSS selector.
Creating	Generate a new set of questions that assess understanding of Euler path.
Creating	Generate a new set of questions that assess understanding of Karnaugh map.
Creating	Generate a new set of questions that assess understanding of Newton's second law.
Creating	Generate a new set of questions that assess understanding of Philippine Revolution.
Creating	Generate a new set of questions that assess understanding of SOAP.
Creating	Generate a new set of questions that assess understanding of argumentative essay.
Creating	Generate a new set of questions that assess understanding of biodiversity.
Creating	Generate a new set of questions that assess understanding of chemical reaction.
Creating	Generate a new set of questions that assess understanding of complex sentence.
Creating	Generate a new set of questions that assess understanding of constructor.
Creating	Generate a new set of questions that assess understanding of contrapositive.
Creating	Generate a new set of questions that assess understanding of ecosystem.
Creating	Generate a new set of questions that assess understanding of friction.
Creating	Generate a new set of questions that assess understanding of greenhouse effect.
Creating	Generate a new set of questions that assess understanding of interface.
Creating	Generate a new set of questions that assess understanding of interpreter.
Creating	Generate a new set of questions that assess understanding of mood.
Creating	Generate a new set of questions that assess understanding of normal distribution.
Creating	Generate a new set of questions that assess understanding of photosynthesis.
Creating	Generate a new set of questions that assess understanding of pigeonhole principle.
Creating	Generate a new set of questions that assess understanding of proportion.
Creating	Generate a new set of questions that assess understanding of queue.
Creating	Generate a new set of questions that assess understanding of separation of powers.
Creating	Generate a new set of questions that assess understanding of subset.
Creating	Generate a new set of questions that assess understanding of vaccine.
Creating	Gumawa ng orihinal na problema tungkol sa De Morgan's laws at lutasin ito.
Creating	Gumawa ng orihinal na problema tungkol sa Karnaugh map at lutasin ito.
Creating	Gumawa ng orihinal na problema tungkol sa Venn diagram at lutasin ito.
Creating	Gumawa ng orihinal na problema tungkol sa bipartite graph at lutasin ito.
Creating	Gumawa ng orihinal na problema tungkol sa combination at lutasin ito.
Creating	Gumawa ng orihinal na problema tungkol sa contradiction at lutasin ito.
Creating	Gumawa ng orihinal na problema tungkol sa contrapositive at lutasin ito.
Creating	Gumawa ng orihinal na problema tungkol sa event at lutasin ito.
Creating	Gumawa ng orihinal na problema tungkol sa expected value at lutasin ito.
Creating	Gumawa ng orihinal na problema tungkol sa graph at lutasin ito.
Creating	Gumawa ng orihinal na problema tungkol sa one-to-one function at lutasin ito.
Creating	Gumawa ng orihinal na problema tungkol sa permutation at lutasin ito.
Creating	Gumawa ng orihinal na problema tungkol sa predicate at lutasin ito.
Creating	Gumawa ng orihinal na problema tungkol sa rule of product at lutasin ito.
Creating	Gumawa ng orihinal na problema tungkol sa rule of sum at lutasin ito.
Creating	Gumawa ng orihinal na problema tungkol sa sample space at lutasin ito.
Creating	Gumawa ng orihinal na problema tungkol sa set at lutasin ito.
Creating	Gumawa ng orihinal na problema tungkol sa subset at lutasin ito.
Creating	Gumawa ng orihinal na problema tungkol sa tautology at lutasin ito.
Creating	Gumawa ng orihinal na problema tungkol sa variance at lutasin ito.
Creating	Invent a game that teaches DNA to students.
Creating	Invent a game that teaches DOM to students.
Creating	Invent a game that teaches Euler path to students.
Creating	Invent a game that teaches Newton's second law to students.
Creating	Invent a game that teaches Philippine Revolution to students.
Creating	Invent a game that teaches agile development to students.
Creating	Invent a game that teaches area of a circle to students.
Creating	Invent a game that teaches barangay system to students.
Creating	Invent a game that teaches cloud computing to students.
Creating	Invent a game that teaches conditional probability to students.
Creating	Invent a game that teaches earthquake to students.
Creating	Invent a game that teaches ecosystem to students.
Creating	Invent a game that teaches irony to students.
Creating	Invent a game that teaches join to students.
Creating	Invent a game that teaches kinetic energy to students.
Creating	Invent a game that teaches logic gate to students.
Creating	Invent a game that teaches mathematical induction to students.
Creating	Invent a game that teaches metaphor to students.
Creating	Invent a game that teaches opportunity cost to students.
Creating	Invent a game that teaches permutation to students.
Creating	Invent a game that teaches process to students.
Creating	Invent a game that teaches proportion to students.
Creating	Invent a game that teaches simile to students.
Creating	Invent a game that teaches simple interest to students.
Creating	Invent a game that teaches supporting detail to students.
Creating	Invent a game that teaches two-factor authentication to students.
Creating	Invent a game that teaches view to students.
Creating	Invent a game that teaches water cycle to students.
Creating	Lumikha ng orihinal na awit tungkol sa bayan.
Creating	Lumikha ng orihinal na awit tungkol sa edukasyon.
Creating	Lumikha ng orihinal na awit tungkol sa kalikasan.
Creating	Lumikha ng orihinal na awit tungkol sa pamilya.
Creating	Lumikha ng orihinal na kuwento tungkol sa edukasyon.
Creating	Lumikha ng orihinal na kuwento tungkol sa kalikasan.
Creating	Lumikha ng orihinal na kuwento tungkol sa katapatan.
Creating	Lumikha ng orihinal na kuwento tungkol sa pamilya.
Creating	Lumikha ng orihinal na sanaysay tungkol sa bayan.
Creating	Lumikha ng orihinal na sanaysay tungkol sa edukasyon.
Creating	Lumikha ng orihinal na sanaysay tungkol sa kalikasan.
Creating	Lumikha ng orihinal na sanaysay tungkol sa pamilya.
Creating	Lumikha ng orihinal na tula tungkol sa bayan.
Creating	Lumikha ng orihinal na tula tungkol sa edukasyon.
Creating	Lumikha ng orihinal na tula tungkol sa kalikasan.
Creating	Magdisenyo ng app para sa online enrollment system.
Creating	Magdisenyo ng app para sa parish office.
Creating	Magdisenyo ng app para sa registrar's office.
Creating	Magdisenyo ng app para sa small bakery.
Creating	Magdisenyo ng app para sa tricycle drivers' association.
Creating	Magdisenyo ng poster para sa jeepney terminal.
Creating	Magdisenyo ng poster para sa registrar's office.
Creating	Magdisenyo ng poster para sa sari-sari store.
Creating	Magdisenyo ng sistema para sa clinic.
Creating	Magdisenyo ng sistema para sa computer laboratory.
Creating	Magdisenyo ng sistema para sa hardware store.
Creating	Magdisenyo ng sistema para sa jeepney terminal.
Creating	Magdisenyo ng sistema para sa student organization.
Creating	Magdisenyo ng website para sa boarding house.
Creating	Magdisenyo ng website para sa campus canteen.
Creating	Magdisenyo ng website para sa fishing cooperative.
Creating	Magdisenyo ng website para sa parish office.
Creating	Magdisenyo ng website para sa public market.
Creating	Magdisenyo ng website para sa registrar's office.
Creating	Magdisenyo ng website para sa sari-sari store.
Creating	Outline a lesson plan that teaches Ohm's law.
Creating	Outline a lesson plan that teaches SOAP.
Creating	Outline a lesson plan that teaches XML.
Creating	Outline a lesson plan that teaches chemical reaction.
Creating	Outline a lesson plan that teaches encapsulation.
Creating	Outline a lesson plan that teaches enterprise service bus.
Creating	Outline a lesson plan that teaches expected value.
Creating	Outline a lesson plan that teaches function's domain.
Creating	Outline a lesson plan that teaches greenhouse effect.
Creating	Outline a lesson plan that teaches human rights.
Creating	Outline a lesson plan that teaches linear equation.
Creating	Outline a lesson plan that teaches predicate.
Creating	Outline a lesson plan that teaches proportion.
Creating	Outline a lesson plan that teaches sample space.
Creating	Outline a lesson plan that teaches simile.
Creating	Plan an integration between a boarding house and a clinic using web services.
Creating	Plan an integration between a boarding house and a municipal permit office using web services.
Creating	Plan an integration between a boarding house and a tricycle drivers' association using web services.
Creating	Plan an integration between a campus canteen and a registrar's office using web services.
Creating	Plan an integration between a farm cooperative and a clinic using web services.
Creating	Plan an integration between a farm cooperative and a small bakery using web services.
Creating	Plan an integration between a fishing cooperative and a municipal permit office using web services.
Creating	Plan an integration between a hardware store and a hardware store using web services.
Creating	Plan an integration between a hardware store and an online enrollment system using web services.
Creating	Plan an integration between a jeepney terminal and a registrar's office using web services.
Creating	Plan an integration between a municipal permit office and a farm cooperative using web services.
Creating	Plan an integration between a municipal permit office and a hardware store using web services.
Creating	Plan an integration between a municipal permit office and an online enrollment system using web services.
Creating	Plan an integration between a public market and a school library using web services.
Creating	Plan an integration between a registrar's office and a boarding house using web services.
Creating	Plan an integration between a registrar's office and a jeepney terminal using web services.
Creating	Plan an integration between a registrar's office and a small bakery using web services.
Creating	Plan an integration between a registrar's office and a student organization using web services.
Creating	Plan an integration between a school clinic and a campus canteen using web services.
Creating	Plan an integration between a school clinic and a computer laboratory using web services.
Creating	Plan an integration between a school library and a campus canteen using web services.
Creating	Plan an integration between a school library and a school clinic using web services.
Creating	Plan an integration between a student organization and an online enrollment system using web services.
Creating	Propose a chatbot flow that would solve the record-keeping problem of a campus canteen.
Creating	Propose a chatbot flow that would solve the record-keeping problem of a farm cooperative.
Creating	Propose a chatbot flow that would solve the record-keeping problem of a parish office.
Creating	Propose a chatbot flow that would solve the record-keeping problem of a small bakery.
Creating	Propose a dashboard that would solve the record-keeping problem of a barangay health center.
Creating	Propose a dashboard that would solve the record-keeping problem of a clinic.
Creating	Propose a dashboard that would solve the record-keeping problem of a parish office.
Creating	Propose a dashboard that would solve the record-keeping problem of a public market.
Creating	Propose a database that would solve the record-keeping problem of a hardware store.
Creating	Propose a lesson plan that would solve the record-keeping problem of a fishing cooperative.
Creating	Propose a lesson plan that would solve the record-keeping problem of an online enrollment system.
Creating	Propose a logic circuit that would solve the record-keeping problem of a small bakery.
Creating	Propose a logic circuit that would solve the record-keeping problem of a student organization.
Creating	Propose a mobile app that would solve the record-keeping problem of a sari-sari store.
Creating	Propose a mobile app that would solve the record-keeping problem of a tricycle drivers' association.
Creating	Propose a mobile app that would solve the record-keeping problem of an online enrollment system.
Creating	Propose a network that would solve the record-keeping problem of a clinic.
Creating	Propose a network that would solve the record-keeping problem of a jeepney terminal.
Creating	Propose a network that would solve the record-keeping problem of a tricycle drivers' association.
Creating	Propose a program that would solve the record-keeping problem of a clinic.
Creating	Propose a program that would solve the record-keeping problem of a computer laboratory.
Creating	Propose a set of APIs that would solve the record-keeping problem of a student organization.
Creating	Propose a survey questionnaire that would solve the record-keeping problem of a tricycle drivers' association.
Creating	Propose a web service that would solve the record-keeping problem of a farm cooperative.
Creating	Propose a web service that would solve the record-keeping problem of a parish office.
Creating	Propose a web service that would solve the record-keeping problem of a sari-sari store.
Creating	Propose a website that would solve the record-keeping problem of a fishing cooperative.
Creating	Propose an ERD that would solve the record-keeping problem of a municipal permit office.
Creating	Propose an ERD that would solve the record-keeping problem of a registrar's office.
Creating	Propose an ERD that would solve the record-keeping problem of a student organization.
Creating	Propose an information system that would solve the record-keeping problem of a jeepney terminal.
Creating	Propose an information system that would solve the record-keeping problem of a parish office.
Creating	Propose an information system that would solve the record-keeping problem of a school library.
Creating	Propose an integration plan that would solve the record-keeping problem of a barangay health center.
Creating	Propose an integration plan that would solve the record-keeping problem of a school clinic.
Creating	Write an original dialogue about friendship.
Creating	Write an original dialogue about honesty.
Creating	Write an original editorial about honesty.
Creating	Write an original editorial about life in the province.
Creating	Write an original editorial about technology.
Creating	Write an original essay about family.
Creating	Write an original essay about friendship.
Creating	Write an original essay about life in the province.
Creating	Write an original essay about the rainy season.
Creating	Write an original letter about first day of school.
Creating	Write an original letter about the rainy season.
Creating	Write an original poem about friendship.
Creating	Write an original poem about the pandemic.
Creating	Write an original poem about the town fiesta.
Creating	Write an original reflection paper about first day of school.
Creating	Write an original reflection paper about honesty.
Creating	Write an original script about honesty.
Creating	Write an original script about life in the province.
Creating	Write an original short story about the sea.
Creating	Write an original speech about climate change.
Evaluating	Alin ang mas mainam: CSS selector o sessions? Pangatwiranan ang iyong sagot.
Evaluating	Alin ang mas mainam: DHCP o stored procedure? Pangatwiranan ang iyong sagot.
Evaluating	Alin ang mas mainam: ERD o cookies? Pangatwiranan ang iyong sagot.
Evaluating	Alin ang mas mainam: HTTP o queue? Pangatwiranan ang iyong sagot.
Evaluating	Alin ang mas mainam: JSON o index? Pangatwiranan ang iyong sagot.
Evaluating	Alin ang mas mainam: TCP o loop? Pangatwiranan ang iyong sagot.
Evaluating	Alin ang mas mainam: TCP o use case diagram? Pangatwiranan ang iyong sagot.
Evaluating	Alin ang mas mainam: XPath o JSON? Pangatwiranan ang iyong sagot.
Evaluating	Alin ang mas mainam: XSLT o compiler? Pangatwiranan ang iyong sagot.
Evaluating	Alin ang mas mainam: array o load balancing? Pangatwiranan ang iyong sagot.
Evaluating	Alin ang mas mainam: constructor o exception? Pangatwiranan ang iyong sagot.
Evaluating	Alin ang mas mainam: constructor o hash table? Pangatwiranan ang iyong sagot.
Evaluating	Alin ang mas mainam: constructor o two-factor authentication? Pangatwiranan ang iyong sagot.
Evaluating	Alin ang mas mainam: constructor o virtualization? Pangatwiranan ang iyong sagot.
Evaluating	Alin ang mas mainam: encapsulation o responsive design? Pangatwiranan ang iyong sagot.
Evaluating	Alin ang mas mainam: encryption o join? Pangatwiranan ang iyong sagot.
Evaluating	Alin ang mas mainam: foreign key o responsive design? Pangatwiranan ang iyong sagot.
Evaluating	Alin ang mas mainam: hash table o firewall? Pangatwiranan ang iyong sagot.
Evaluating	Alin ang mas mainam: hash table o two-factor authentication? Pangatwiranan ang iyong sagot.
Evaluating	Alin ang mas mainam: index o array? Pangatwiranan ang iyong sagot.
Evaluating	Alin ang mas mainam: interpreter o API? Pangatwiranan ang iyong sagot.
Evaluating	Alin ang mas mainam: interpreter o DNS? Pangatwiranan ang iyong sagot.
Evaluating	Alin ang mas mainam: join o enterprise service bus? Pangatwiranan ang iyong sagot.
Evaluating	Alin ang mas mainam: load balancing o array? Pangatwiranan ang iyong sagot.
Evaluating	Alin ang mas mainam: middleware o use case diagram? Pangatwiranan ang iyong sagot.
Evaluating	Alin ang mas mainam: operating system o deadlock? Pangatwiranan ang iyong sagot.
Evaluating	Alin ang mas mainam: polymorphism o UDP? Pangatwiranan ang iyong sagot.
Evaluating	Alin ang mas mainam: primary key o XML schema? Pangatwiranan ang iyong sagot.
Evaluating	Alin ang mas mainam: unit testing o two-factor authentication? Pangatwiranan ang iyong sagot.
Evaluating	Alin ang mas mainam: use case diagram o inheritance? Pangatwiranan ang iyong sagot.
Evaluating	Alin ang mas mainam: waterfall model o constructor? Pangatwiranan ang iyong sagot.
Evaluating	Alin ang mas mainam: waterfall model o version control? Pangatwiranan ang iyong sagot.
Evaluating	Assess the strengths and weaknesses of the proposed chatbot flow for a student organization.
Evaluating	Assess the strengths and weaknesses of the proposed information system for a hardware store.
Evaluating	Assess the strengths and weaknesses of the proposed information system for a school library.
Evaluating	Assess the strengths and weaknesses of the proposed integration plan for a school clinic.
Evaluating	Assess the strengths and weaknesses of the proposed lesson plan for a small bakery.
Evaluating	Assess the strengths and weaknesses of the proposed mobile app for a farm cooperative.
Evaluating	Assess the strengths and weaknesses of the proposed program for a jeepney terminal.
Evaluating	Assess the strengths and weaknesses of the proposed solution for a farm cooperative.
Evaluating	Assess the strengths and weaknesses of the proposed solution for a fishing cooperative.
Evaluating	Assess the strengths and weaknesses of the proposed solution for a municipal permit office.
Evaluating	Assess the strengths and weaknesses of the proposed solution for a parish office.
Evaluating	Assess the strengths and weaknesses of the proposed solution for a public market.
Evaluating	Assess the strengths and weaknesses of the proposed solution for a registrar's office.
Evaluating	Assess the strengths and weaknesses of the proposed solution for a sari-sari store.
Evaluating	Assess the strengths and weaknesses of the proposed solution for a school clinic.
Evaluating	Assess the strengths and weaknesses of the proposed solution for a school library.
Evaluating	Assess the strengths and weaknesses of the proposed web service for a boarding house.
Evaluating	Assess the strengths and weaknesses of the proposed web service for a jeepney terminal.
Evaluating	Critique the given algorithm.
Evaluating	Critique the given database design.
Evaluating	Critique the given essay.
Evaluating	Critique the given integration plan.
Evaluating	Critique the given research method.
Evaluating	Critique the given user interface.
Evaluating	Critique the given website.
Evaluating	Decide whether it is ethical to collect students location data. Justify your decision.
Evaluating	Decide whether it is ethical to monitor employees emails. Justify your decision.
Evaluating	Decide whether it is ethical to require biometric attendance. Justify your decision.
Evaluating	Decide whether it is ethical to share patient records with insurers. Justify your decision.
Evaluating	Decide whether it is ethical to use AI to grade essays. Justify your decision.
Evaluating	Do you agree that Boolean algebra is always beneficial? Defend your position.
Evaluating	Do you agree that a chemical reaction is always beneficial? Defend your position.
Evaluating	Do you agree that a function is always beneficial? Defend your position.
Evaluating	Do you agree that a hash table is always beneficial? Defend your position.
Evaluating	Do you agree that a message queue is always beneficial? Defend your position.
Evaluating	Do you agree that a population is always beneficial? Defend your position.
Evaluating	Do you agree that a quadratic equation is always beneficial? Defend your position.
Evaluating	Do you agree that a ratio is always beneficial? Defend your position.
Evaluating	Do you agree that a variable is always beneficial? Defend your position.
Evaluating	Do you agree that an ERD is always beneficial? Defend your position.
Evaluating	Do you agree that an IP address is always beneficial? Defend your position.
Evaluating	Do you agree that an equivalence relation is always beneficial? Defend your position.
Evaluating	Do you agree that an exception is always beneficial? Defend your position.
Evaluating	Do you agree that an index is always beneficial? Defend your position.
Evaluating	Do you agree that an interface is always beneficial? Defend your position.
Evaluating	Do you agree that an interpreter is always beneficial? Defend your position.
Evaluating	Do you agree that colonialism is always beneficial? Defend your position.
Evaluating	Do you agree that encryption is always beneficial? Defend your position.
Evaluating	Do you agree that foreshadowing is always beneficial? Defend your position.
Evaluating	Do you agree that polymorphism is always beneficial? Defend your position.
Evaluating	Do you agree that potential energy is always beneficial? Defend your position.
Evaluating	Do you agree that recursion is always beneficial? Defend your position.
Evaluating	Do you agree that sustainable development is always beneficial? Defend your position.
Evaluating	Do you agree that the Galleon Trade is always beneficial? Defend your position.
Evaluating	Evaluate the effectiveness of DHCP in a clinic.
Evaluating	Evaluate the effectiveness of DNS in a registrar's office.
Evaluating	Evaluate the effectiveness of REST in a computer laboratory.
Evaluating	Evaluate the effectiveness of a CSS selector in a computer laboratory.
Evaluating	Evaluate the effectiveness of a class diagram in a jeepney terminal.
Evaluating	Evaluate the effectiveness of a dangling modifier in a hardware store.
Evaluating	Evaluate the effectiveness of a firewall in a school library.
Evaluating	Evaluate the effectiveness of a function's domain in a campus canteen.
Evaluating	Evaluate the effectiveness of a limit in a hardware store.
Evaluating	Evaluate the effectiveness of a loop in a school clinic.
Evaluating	Evaluate the effectiveness of a metaphor in a school clinic.
Evaluating	Evaluate the effectiveness of a process in a parish office.
Evaluating	Evaluate the effectiveness of a ratio in a farm cooperative.
Evaluating	Evaluate the effectiveness of a set in a registrar's office.
Evaluating	Evaluate the effectiveness of a thesis statement in a parish office.
Evaluating	Evaluate the effectiveness of a use case diagram in a parish office.
Evaluating	Evaluate the effectiveness of a web service in a small bakery.
Evaluating	Evaluate the effectiveness of an ERD in an online enrollment system.
Evaluating	Evaluate the effectiveness of an event in a hardware store.
Evaluating	Evaluate the effectiveness of an index in a boarding house.
Evaluating	Evaluate the effectiveness of cloud computing in an online enrollment system.
Evaluating	Evaluate the effectiveness of compound interest in a fishing cooperative.
Evaluating	Evaluate the effectiveness of correlation in a school clinic.
Evaluating	Evaluate the effectiveness of expected value in a municipal permit office.
Evaluating	Evaluate the effectiveness of friction in a farm cooperative.
Evaluating	Evaluate the effectiveness of middleware in a computer laboratory.
Evaluating	Evaluate the effectiveness of the Katipunan in a municipal permit office.
Evaluating	Evaluate the effectiveness of the Pythagorean theorem in a municipal permit office.
Evaluating	Evaluate the effectiveness of the mean in a clinic.
Evaluating	Evaluate the effectiveness of the pigeonhole principle in a farm cooperative.
Evaluating	Evaluate the effectiveness of two-factor authentication in a jeepney terminal.
Evaluating	How well does the proposed budget meet the needs of a campus canteen? Justify your rating.
Evaluating	How well does the proposed budget meet the needs of a farm cooperative? Justify your rating.
Evaluating	How well does the proposed budget meet the needs of a hardware store? Justify your rating.
Evaluating	How well does the proposed budget meet the needs of a parish office? Justify your rating.
Evaluating	How well does the proposed budget meet the needs of a public market? Justify your rating.
Evaluating	How well does the proposed budget meet the needs of a school library? Justify your rating.
Evaluating	How well does the proposed budget meet the needs of a student organization? Justify your rating.
Evaluating	How well does the proposed budget meet the needs of a tricycle drivers' association? Justify your rating.
Evaluating	How well does the proposed design meet the needs of a boarding house? Justify your rating.
Evaluating	How well does the proposed design meet the needs of a municipal permit office? Justify your rating.
Evaluating	How well does the proposed design meet the needs of a public market? Justify your rating.
Evaluating	How well does the proposed design meet the needs of a registrar's office? Justify your rating.
Evaluating	How well does the proposed design meet the needs of a sari-sari store? Justify your rating.
Evaluating	How well does the proposed design meet the needs of a school clinic? Justify your rating.
Evaluating	How well does the proposed design meet the needs of a school library? Justify your rating.
Evaluating	How well does the proposed schedule meet the needs of a barangay health center? Justify your rating.
Evaluating	How well does the proposed schedule meet the needs of a clinic? Justify your rating.
Evaluating	How well does the proposed schedule meet the needs of a farm cooperative? Justify your rating.
Evaluating	How well does the proposed schedule meet the needs of a hardware store? Justify your rating.
Evaluating	How well does the proposed schedule meet the needs of a public market? Justify your rating.
Evaluating	How well does the proposed schedule meet the needs of a registrar's office? Justify your rating.
Evaluating	How well does the proposed schedule meet the needs of a school clinic? Justify your rating.
Evaluating	How well does the proposed schedule meet the needs of a small bakery? Justify your rating.
Evaluating	How well does the proposed system meet the needs of a boarding house? Justify your rating.
Evaluating	How well does the proposed system meet the needs of a fishing cooperative? Justify your rating.
Evaluating	How well does the proposed system meet the needs of a registrar's office? Justify your rating.
Evaluating	How well does the proposed system meet the needs of a sari-sari store? Justify your rating.
Evaluating	How well does the proposed system meet the needs of a small bakery? Justify your rating.
Evaluating	How well does the proposed system meet the needs of a tricycle drivers' association? Justify your rating.
Evaluating	How well does the proposed system meet the needs of an online enrollment system? Justify your rating.
Evaluating	Is DHCP the best choice for a farm cooperative? Justify your answer.
Evaluating	Is XPath the best choice for a school clinic? Justify your answer.
Evaluating	Is a VPN the best choice for a boarding house? Justify your answer.
Evaluating	Is a WSDL file the best choice for a computer laboratory? Justify your answer.
Evaluating	Is a constructor the best choice for a barangay health center? Justify your answer.
Evaluating	Is a stored procedure the best choice for a municipal permit office? Justify your answer.
Evaluating	Is a stored procedure the best choice for a student organization? Justify your answer.
Evaluating	Is a switch the best choice for a student organization? Justify your answer.
Evaluating	Is a thread the best choice for a municipal permit office? Justify your answer.
Evaluating	Is a thread the best choice for a parish office? Justify your answer.
Evaluating	Is a transaction the best choice for a fishing cooperative? Justify your answer.
Evaluating	Is a variable the best choice for a small bakery? Justify your answer.
Evaluating	Is a web service the best choice for a hardware store? Justify your answer.
Evaluating	Is agile development the best choice for a campus canteen? Justify your answer.
Evaluating	Is an abstract class the best choice for a clinic? Justify your answer.
Evaluating	Is an abstract class the best choice for a parish office? Justify your answer.
Evaluating	Is an enterprise service bus the best choice for a hardware store? Justify your answer.
Evaluating	Is an operating system the best choice for a municipal permit office? Justify your answer.
Evaluating	Is cookies the best choice for a clinic? Justify your answer.
Evaluating	Is encapsulation the best choice for a fishing cooperative? Justify your answer.
Evaluating	Is encryption the best choice for an online enrollment system? Justify your answer.
Evaluating	Is inheritance the best choice for a jeepney terminal? Justify your answer.
Evaluating	Is load balancing the best choice for a student organization? Justify your answer.
Evaluating	Is middleware the best choice for a school clinic? Justify your answer.
Evaluating	Is polymorphism the best choice for a school library? Justify your answer.
Evaluating	Is the DOM the best choice for a barangay health center? Justify your answer.
Evaluating	Is the conclusion about Boolean algebra supported by the evidence? Justify.
Evaluating	Is the conclusion about EDSA People Power Revolution supported by the evidence? Justify.
Evaluating	Is the conclusion about Ohm's law supported by the evidence? Justify.
Evaluating	Is the conclusion about Philippine Revolution supported by the evidence? Justify.
Evaluating	Is the conclusion about SOAP supported by the evidence? Justify.
Evaluating	Is the conclusion about XML schema supported by the evidence? Justify.
Evaluating	Is the conclusion about array supported by the evidence? Justify.
Evaluating	Is the conclusion about base supported by the evidence? Justify.
Evaluating	Is the conclusion about binomial distribution supported by the evidence? Justify.
Evaluating	Is the conclusion about compiler supported by the evidence? Justify.
Evaluating	Is the conclusion about contrapositive supported by the evidence? Justify.
Evaluating	Is the conclusion about digestive system supported by the evidence? Justify.
Evaluating	Is the conclusion about electric current supported by the evidence? Justify.
Evaluating	Is the conclusion about encapsulation supported by the evidence? Justify.
Evaluating	Is the conclusion about equivalence relation supported by the evidence? Justify.
Evaluating	Is the conclusion about exception supported by the evidence? Justify.
Evaluating	Is the conclusion about function supported by the evidence? Justify.
Evaluating	Is the conclusion about kinetic energy supported by the evidence? Justify.
Evaluating	Is the conclusion about logic gate supported by the evidence? Justify.
Evaluating	Is the conclusion about matrix supported by the evidence? Justify.
Evaluating	Is the conclusion about opportunity cost supported by the evidence? Justify.
Evaluating	Is the conclusion about polynomial supported by the evidence? Justify.
Evaluating	Is the conclusion about queue supported by the evidence? Justify.
Evaluating	Is the conclusion about ratio supported by the evidence? Justify.
Evaluating	Is the conclusion about subnet mask supported by the evidence? Justify.
Evaluating	Is the conclusion about supply and demand supported by the evidence? Justify.
Evaluating	Is the conclusion about thesis statement supported by the evidence? Justify.
Evaluating	Is the conclusion about thread supported by the evidence? Justify.
Evaluating	Is the conclusion about transaction supported by the evidence? Justify.
Evaluating	Is the conclusion about union of sets supported by the evidence? Justify.
Evaluating	Is the waterfall model the best choice for a registrar's office? Justify your answer.
Evaluating	Judge whether the given argument is acceptable, and explain your judgment.
Evaluating	Judge whether the given argument is sound, and explain your judgment.
Evaluating	Judge whether the given argument is valid, and explain your judgment.
Evaluating	Judge whether the given conclusion is acceptable, and explain your judgment.
Evaluating	Judge whether the given conclusion is reasonable, and explain your judgment.
Evaluating	Judge whether the given design is acceptable, and explain your judgment.
Evaluating	Judge whether the given policy is acceptable, and explain your judgment.
Evaluating	Judge whether the given policy is reasonable, and explain your judgment.
Evaluating	Judge whether the given policy is valid, and explain your judgment.
Evaluating	Judge whether the given proof is fair, and explain your judgment.
Evaluating	Judge whether the given proof is reasonable, and explain your judgment.
Evaluating	Judge whether the given proof is sound, and explain your judgment.
Evaluating	Judge whether the given proof is valid, and explain your judgment.
Evaluating	Judge whether the given solution is fair, and explain your judgment.
Evaluating	Judge whether the given solution is sound, and explain your judgment.
Evaluating	Judge whether the given solution is valid, and explain your judgment.
Evaluating	Makatwiran ba ang paggamit ng ERD sa fishing cooperative? Ipaliwanag.
Evaluating	Makatwiran ba ang paggamit ng SOAP sa school clinic? Ipaliwanag.
Evaluating	Makatwiran ba ang paggamit ng WSDL file sa computer laboratory? Ipaliwanag.
Evaluating	Makatwiran ba ang paggamit ng acid sa public market? Ipaliwanag.
Evaluating	Makatwiran ba ang paggamit ng biconditional sa jeepney terminal? Ipaliwanag.
Evaluating	Makatwiran ba ang paggamit ng binary tree sa small bakery? Ipaliwanag.
Evaluating	Makatwiran ba ang paggamit ng binomial distribution sa computer laboratory? Ipaliwanag.
Evaluating	Makatwiran ba ang paggamit ng conditional statement sa jeepney terminal? Ipaliwanag.
Evaluating	Makatwiran ba ang paggamit ng correlation sa public market? Ipaliwanag.
Evaluating	Makatwiran ba ang paggamit ng electric current sa online enrollment system? Ipaliwanag.
Evaluating	Makatwiran ba ang paggamit ng encryption sa boarding house? Ipaliwanag.
Evaluating	Makatwiran ba ang paggamit ng exception sa tricycle drivers' association? Ipaliwanag.
Evaluating	Makatwiran ba ang paggamit ng food chain sa farm cooperative? Ipaliwanag.
Evaluating	Makatwiran ba ang paggamit ng irony sa fishing cooperative? Ipaliwanag.
Evaluating	Makatwiran ba ang paggamit ng join sa parish office? Ipaliwanag.
Evaluating	Makatwiran ba ang paggamit ng load balancing sa hardware store? Ipaliwanag.
Evaluating	Makatwiran ba ang paggamit ng nationalism sa clinic? Ipaliwanag.
Evaluating	Makatwiran ba ang paggamit ng proportion sa registrar's office? Ipaliwanag.
Evaluating	Makatwiran ba ang paggamit ng recurrence relation sa school clinic? Ipaliwanag.
Evaluating	Makatwiran ba ang paggamit ng responsive design sa school clinic? Ipaliwanag.
Evaluating	Makatwiran ba ang paggamit ng sample space sa school clinic? Ipaliwanag.
Evaluating	Makatwiran ba ang paggamit ng slope of a line sa public market? Ipaliwanag.
Evaluating	Makatwiran ba ang paggamit ng standard deviation sa hardware store? Ipaliwanag.
Evaluating	Makatwiran ba ang paggamit ng thesis statement sa farm cooperative? Ipaliwanag.
Evaluating	Makatwiran ba ang paggamit ng union of sets sa hardware store? Ipaliwanag.
Evaluating	Pangatwiranan kung angkop ang CSS selector para sa school library.
Evaluating	Pangatwiranan kung angkop ang ERD para sa online enrollment system.
Evaluating	Pangatwiranan kung angkop ang IP address para sa farm cooperative.
Evaluating	Pangatwiranan kung angkop ang IP address para sa online enrollment system.
Evaluating	Pangatwiranan kung angkop ang IP address para sa registrar's office.
Evaluating	Pangatwiranan kung angkop ang SOAP para sa jeepney terminal.
Evaluating	Pangatwiranan kung angkop ang TCP para sa sari-sari store.
Evaluating	Pangatwiranan kung angkop ang UDP para sa online enrollment system.
Evaluating	Pangatwiranan kung angkop ang UDP para sa public market.
Evaluating	Pangatwiranan kung angkop ang XML para sa boarding house.
Evaluating	Pangatwiranan kung angkop ang XPath para sa jeepney terminal.
Evaluating	Pangatwiranan kung angkop ang abstract class para sa school library.
Evaluating	Pangatwiranan kung angkop ang agile development para sa municipal permit office.
Evaluating	Pangatwiranan kung angkop ang binary tree para sa farm cooperative.
Evaluating	Pangatwiranan kung angkop ang compiler para sa school clinic.
Evaluating	Pangatwiranan kung angkop ang firewall para sa small bakery.
Evaluating	Pangatwiranan kung angkop ang foreign key para sa online enrollment system.
Evaluating	Pangatwiranan kung angkop ang function para sa jeepney terminal.
Evaluating	Pangatwiranan kung angkop ang hashing para sa student organization.
Evaluating	Pangatwiranan kung angkop ang interface para sa boarding house.
Evaluating	Pangatwiranan kung angkop ang interface para sa online enrollment system.
Evaluating	Pangatwiranan kung angkop ang interface para sa tricycle drivers' association.
Evaluating	Pangatwiranan kung angkop ang linked list para sa registrar's office.
Evaluating	Pangatwiranan kung angkop ang process para sa online enrollment system.
Evaluating	Pangatwiranan kung angkop ang thread para sa barangay health center.
Evaluating	Pangatwiranan kung angkop ang two-factor authentication para sa registrar's office.
Evaluating	Pangatwiranan kung angkop ang view para sa sari-sari store.
Evaluating	Pangatwiranan kung angkop ang waterfall model para sa barangay health center.
Evaluating	Rank the given algorithms from best to worst and justify your ranking.
Evaluating	Rank the given options from best to worst and justify your ranking.
Evaluating	Rank the given passwords from best to worst and justify your ranking.
Evaluating	Rank the given proposals from best to worst and justify your ranking.
Evaluating	Rank the given sources from best to worst and justify your ranking.
Evaluating	Recommend the most suitable backup strategy for a boarding house and justify your recommendation.
Evaluating	Recommend the most suitable backup strategy for a jeepney terminal and justify your recommendation.
Evaluating	Recommend the most suitable backup strategy for a sari-sari store and justify your recommendation.
Evaluating	Recommend the most suitable backup strategy for an online enrollment system and justify your recommendation.
Evaluating	Recommend the most suitable data format for a campus canteen and justify your recommendation.
Evaluating	Recommend the most suitable data format for a farm cooperative and justify your recommendation.
Evaluating	Recommend the most suitable data format for a fishing cooperative and justify your recommendation.
Evaluating	Recommend the most suitable data format for a jeepney terminal and justify your recommendation.
Evaluating	Recommend the most suitable data format for a parish office and justify your recommendation.
Evaluating	Recommend the most suitable data format for a public market and justify your recommendation.
Evaluating	Recommend the most suitable data format for a school library and justify your recommendation.
Evaluating	Recommend the most suitable data format for a small bakery and justify your recommendation.
Evaluating	Recommend the most suitable data format for a tricycle drivers' association and justify your recommendation.
Evaluating	Recommend the most suitable data format for an online enrollment system and justify your recommendation.
Evaluating	Recommend the most suitable database for a barangay health center and justify your recommendation.
Evaluating	Recommend the most suitable database for a boarding house and justify your recommendation.
Evaluating	Recommend the most suitable database for a clinic and justify your recommendation.
Evaluating	Recommend the most suitable database for a parish office and justify your recommendation.
Evaluating	Recommend the most suitable network setup for a barangay health center and justify your recommendation.
Evaluating	Recommend the most suitable network setup for a boarding house and justify your recommendation.
Evaluating	Recommend the most suitable network setup for a municipal permit office and justify your recommendation.
Evaluating	Recommend the most suitable network setup for a public market and justify your recommendation.
Evaluating	Recommend the most suitable programming language for a boarding house and justify your recommendation.
Evaluating	Recommend the most suitable programming language for a jeepney terminal and justify your recommendation.
Evaluating	Recommend the most suitable programming language for a parish office and justify your recommendation.
Evaluating	Recommend the most suitable programming language for a small bakery and justify your recommendation.
Evaluating	Recommend the most suitable sorting algorithm for a boarding house and justify your recommendation.
Evaluating	Recommend the most suitable sorting algorithm for a hardware store and justify your recommendation.
Evaluating	Recommend the most suitable sorting algorithm for a school clinic and justify your recommendation.
Evaluating	Should a barangay health center adopt an API? Support your answer.
Evaluating	Should a boarding house adopt a web service? Support your answer.
Evaluating	Should a boarding house adopt hashing? Support your answer.
Evaluating	Should a clinic adopt a router? Support your answer.
Evaluating	Should a computer laboratory adopt HTTP? Support your answer.
Evaluating	Should a computer laboratory adopt UDP? Support your answer.
Evaluating	Should a computer laboratory adopt XML? Support your answer.
Evaluating	Should a farm cooperative adopt DNS? Support your answer.
Evaluating	Should a farm cooperative adopt a foreign key? Support your answer.
Evaluating	Should a fishing cooperative adopt an XML schema? Support your answer.
Evaluating	Should a fishing cooperative adopt an abstract class? Support your answer.
Evaluating	Should a hardware store adopt responsive design? Support your answer.
Evaluating	Should a jeepney terminal adopt HTTPS? Support your answer.
Evaluating	Should a jeepney terminal adopt a stack? Support your answer.
Evaluating	Should a jeepney terminal adopt hashing? Support your answer.
Evaluating	Should a municipal permit office adopt a function? Support your answer.
Evaluating	Should a public market adopt encapsulation? Support your answer.
Evaluating	Should a public market adopt the DOM? Support your answer.
Evaluating	Should a school clinic adopt an exception? Support your answer.
Evaluating	Should a school library adopt a cache? Support your answer.
Evaluating	Should a school library adopt a transaction? Support your answer.
Evaluating	Should a small bakery adopt the waterfall model? Support your answer.
Evaluating	Should a tricycle drivers' association adopt a WSDL file? Support your answer.
Evaluating	Should an online enrollment system adopt TCP? Support your answer.
Evaluating	Should an online enrollment system adopt a queue? Support your answer.
Evaluating	Should an online enrollment system adopt virtualization? Support your answer.
Evaluating	Tayahin ang bisa ng ibinigay na argumento.
Evaluating	Tayahin ang bisa ng ibinigay na disenyo.
Evaluating	Tayahin ang bisa ng ibinigay na plano.
Evaluating	Tayahin ang bisa ng ibinigay na solusyon.
Evaluating	Weigh the advantages and disadvantages of Boolean algebra and give your verdict.
Evaluating	Weigh the advantages and disadvantages of XML and give your verdict.
Evaluating	Weigh the advantages and disadvantages of XPath and give your verdict.
Evaluating	Weigh the advantages and disadvantages of a WSDL file and give your verdict.
Evaluating	Weigh the advantages and disadvantages of a base and give your verdict.
Evaluating	Weigh the advantages and disadvantages of a biconditional and give your verdict.
Evaluating	Weigh the advantages and disadvantages of a conditional statement and give your verdict.
Evaluating	Weigh the advantages and disadvantages of a contradiction and give your verdict.
Evaluating	Weigh the advantages and disadvantages of a function and give your verdict.
Evaluating	Weigh the advantages and disadvantages of a limit and give your verdict.
Evaluating	Weigh the advantages and disadvantages of a population and give your verdict.
Evaluating	Weigh the advantages and disadvantages of a predicate and give your verdict.
Evaluating	Weigh the advantages and disadvantages of a process and give your verdict.
Evaluating	Weigh the advantages and disadvantages of a proposition and give your verdict.
Evaluating	Weigh the advantages and disadvantages of a sample and give your verdict.
Evaluating	Weigh the advantages and disadvantages of a subnet mask and give your verdict.
Evaluating	Weigh the advantages and disadvantages of a tree and give your verdict.
Evaluating	Weigh the advantages and disadvantages of a truth table and give your verdict.
Evaluating	Weigh the advantages and disadvantages of agile development and give your verdict.
Evaluating	Weigh the advantages and disadvantages of cloud computing and give your verdict.
Evaluating	Weigh the advantages and disadvantages of compound interest and give your verdict.
Evaluating	Weigh the advantages and disadvantages of expected value and give your verdict.
Evaluating	Weigh the advantages and disadvantages of federalism and give your verdict.
Evaluating	Weigh the advantages and disadvantages of foreshadowing and give your verdict.
Evaluating	Weigh the advantages and disadvantages of photosynthesis and give your verdict.
Evaluating	Weigh the advantages and disadvantages of subject-verb agreement and give your verdict.
Evaluating	Weigh the advantages and disadvantages of the Bill of Rights and give your verdict.
Evaluating	Weigh the advantages and disadvantages of the Treaty of Paris and give your verdict.
Evaluating	Weigh the advantages and disadvantages of the main idea and give your verdict.
Evaluating	Which is more appropriate for a boarding house: a binary tree or a compiler? Defend your choice.
Evaluating	Which is more appropriate for a boarding house: an enterprise service bus or a compiler? Defend your choice.
Evaluating	Which is more appropriate for a boarding house: inheritance or XML? Defend your choice.
Evaluating	Which is more appropriate for a campus canteen: TCP or a join? Defend your choice.
Evaluating	Which is more appropriate for a campus canteen: a thread or sessions? Defend your choice.
Evaluating	Which is more appropriate for a campus canteen: cloud computing or an array? Defend your choice.
Evaluating	Which is more appropriate for a campus canteen: cookies or encryption? Defend your choice.
Evaluating	Which is more appropriate for a clinic: an array or a stored procedure? Defend your choice.
Evaluating	Which is more appropriate for a clinic: an index or the waterfall model? Defend your choice.
Evaluating	Which is more appropriate for a farm cooperative: a WSDL file or sessions? Defend your choice.
Evaluating	Which is more appropriate for a farm cooperative: a firewall or a deadlock? Defend your choice.
Evaluating	Which is more appropriate for a farm cooperative: a subnet mask or hashing? Defend your choice.
Evaluating	Which is more appropriate for a fishing cooperative: an API or an IP address? Defend your choice.
Evaluating	Which is more appropriate for a jeepney terminal: a linked list or an abstract class? Defend your choice.
Evaluating	Which is more appropriate for a jeepney terminal: a switch or an operating system? Defend your choice.
Evaluating	Which is more appropriate for a jeepney terminal: a switch or load balancing? Defend your choice.
Evaluating	Which is more appropriate for a public market: a subnet mask or a linked list? Defend your choice.
Evaluating	Which is more appropriate for a public market: agile development or an IP address? Defend your choice.
Evaluating	Which is more appropriate for a registrar's office: DNS or a constructor? Defend your choice.
Evaluating	Which is more appropriate for a sari-sari store: a firewall or a queue? Defend your choice.
Evaluating	Which is more appropriate for a school clinic: TCP or cookies? Defend your choice.
Evaluating	Which is more appropriate for a school clinic: cookies or polymorphism? Defend your choice.
Evaluating	Which is more appropriate for a school library: UDP or sessions? Defend your choice.
Evaluating	Which is more appropriate for a small bakery: TCP or an index? Defend your choice.
Evaluating	Which is more appropriate for a small bakery: UDP or a queue? Defend your choice.
Evaluating	Which is more appropriate for a student organization: a constructor or a CSS selector? Defend your choice.
Evaluating	Which is more appropriate for a student organization: load balancing or cloud computing? Defend your choice.
Evaluating	Which is more appropriate for a tricycle drivers' association: a firewall or a deadlock? Defend your choice.
Evaluating	Which is more appropriate for a tricycle drivers' association: an abstract class or unit testing? Defend your choice.
Evaluating	Which is more appropriate for a tricycle drivers' association: recursion or an interpreter? Defend your choice.
Evaluating	Which is more appropriate for a tricycle drivers' association: virtualization or agile development? Defend your choice.
Evaluating	Which is more appropriate for an online enrollment system: an abstract class or a view? Defend your choice.
Evaluating	Which of the proposed algorithms is the most cost-effective? Explain why.
Evaluating	Which of the proposed algorithms is the most efficient? Explain why.
Evaluating	Which of the proposed algorithms is the most fair? Explain why.
Evaluating	Which of the proposed algorithms is the most practical? Explain why.
Evaluating	Which of the proposed algorithms is the most secure? Explain why.
Evaluating	Which of the proposed designs is the most cost-effective? Explain why.
Evaluating	Which of the proposed designs is the most efficient? Explain why.
Evaluating	Which of the proposed designs is the most fair? Explain why.
Evaluating	Which of the proposed designs is the most secure? Explain why.
Evaluating	Which of the proposed plans is the most cost-effective? Explain why.
Evaluating	Which of the proposed plans is the most efficient? Explain why.
Evaluating	Which of the proposed plans is the most fair? Explain why.
Evaluating	Which of the proposed plans is the most practical? Explain why.
Evaluating	Which of the proposed plans is the most secure? Explain why.
Evaluating	Which of the proposed policies is the most cost-effective? Explain why.
Evaluating	Which of the proposed policies is the most fair? Explain why.
Evaluating	Which of the proposed policies is the most practical? Explain why.
Evaluating	Which of the proposed policies is the most secure? Explain why.
Evaluating	Which of the proposed solutions is the most efficient? Explain why.
Evaluating	Which of the proposed solutions is the most fair? Explain why.
Evaluating	Which of the proposed solutions is the most practical? Explain why.
Evaluating	Which of the proposed solutions is the most secure? Explain why.
Remembering	Ano ang tawag sa API?
Remembering	Ano ang tawag sa DOM?
Remembering	Ano ang tawag sa REST?
Remembering	Ano ang tawag sa abstract class?
Remembering	Ano ang tawag sa agile development?
Remembering	Ano ang tawag sa arithmetic sequence?
Remembering	Ano ang tawag sa chemical reaction?
Remembering	Ano ang tawag sa event?
Remembering	Ano ang tawag sa interface?
Remembering	Ano ang tawag sa linked list?
Remembering	Ano ang tawag sa mean?
Remembering	Ano ang tawag sa polymorphism?
Remembering	Ano ang tawag sa power set?
Remembering	Ano ang tawag sa recurrence relation?
Remembering	Ano ang tawag sa sample space?
Remembering	Ano ang tawag sa simile?
Remembering	Ano ang tawag sa sustainable development?
Remembering	Ano ang tawag sa tautology?
Remembering	Ano ang tawag sa truth table?
Remembering	Ano ang tawag sa use case diagram?
Remembering	Area of a circle is also known as ____.
Remembering	Biconditional is also known as ____.
Remembering	Boolean algebra is also known as ____.
Remembering	Define SOAP.
Remembering	Define a Venn diagram.
Remembering	Define a base.
Remembering	Define a combination.
Remembering	Define a proposition.
Remembering	Define a relation.
Remembering	Define a topic sentence.
Remembering	Define an ERD.
Remembering	Define an equivalence relation.
Remembering	Define cellular respiration.
Remembering	Define irony.
Remembering	Define martial law.
Remembering	Define mathematical induction.
Remembering	Define mitosis.
Remembering	Define supply and demand.
Remembering	Define the greenhouse effect.
Remembering	Define the water cycle.
Remembering	Enumerate the types of DNS.
Remembering	Enumerate the types of HTTPS.
Remembering	Enumerate the types of Katipunan.
Remembering	Enumerate the types of Pythagorean theorem.
Remembering	Enumerate the types of XML schema.
Remembering	Enumerate the types of area of a circle.
Remembering	Enumerate the types of binary tree.
Remembering	Enumerate the types of colonialism.
Remembering	Enumerate the types of encapsulation.
Remembering	Enumerate the types of encryption.
Remembering	Enumerate the types of independent events.
Remembering	Enumerate the types of intersection of sets.
Remembering	Enumerate the types of mean.
Remembering	Enumerate the types of pigeonhole principle.
Remembering	Enumerate the types of random variable.
Remembering	Enumerate the types of set.
Remembering	Enumerate the types of theme.
Remembering	Enumerate the types of tree.
Remembering	Enumerate the types of two-factor authentication.
Remembering	Enumerate the types of use case diagram.
Remembering	Foreshadowing is also known as ____.
Remembering	Globalization is also known as ____.
Remembering	Hash table is also known as ____.
Remembering	Human rights is also known as ____.
Remembering	Ibigay ang kahulugan ng CSS selector.
Remembering	Ibigay ang kahulugan ng XPath.
Remembering	Ibigay ang kahulugan ng atom.
Remembering	Ibigay ang kahulugan ng bipartite graph.
Remembering	Ibigay ang kahulugan ng climate change.
Remembering	Ibigay ang kahulugan ng flashback.
Remembering	Ibigay ang kahulugan ng function's domain.
Remembering	Ibigay ang kahulugan ng mood.
Remembering	Ibigay ang kahulugan ng one-to-one function.
Remembering	Ibigay ang kahulugan ng passive voice.
Remembering	Ibigay ang kahulugan ng pigeonhole principle.
Remembering	Ibigay ang kahulugan ng point of view.
Remembering	Ibigay ang kahulugan ng predicate.
Remembering	Ibigay ang kahulugan ng proportion.
Remembering	Ibigay ang kahulugan ng quantifier.
Remembering	Ibigay ang kahulugan ng sample space.
Remembering	Ibigay ang kahulugan ng subject-verb agreement.
Remembering	Ibigay ang kahulugan ng thesis statement.
Remembering	Ibigay ang kahulugan ng typhoon.
Remembering	Ibigay ang kahulugan ng variable.
Remembering	Ibigay ang kahulugan ng version control.
Remembering	Ibigay ang kahulugan ng web service.
Remembering	Identify the term that refers to UDP.
Remembering	Identify the term that refers to XSLT.
Remembering	Identify the term that refers to a VPN.
Remembering	Identify the term that refers to a bipartite graph.
Remembering	Identify the term that refers to a compiler.
Remembering	Identify the term that refers to a join.
Remembering	Identify the term that refers to a metaphor.
Remembering	Identify the term that refers to a quantifier.
Remembering	Identify the term that refers to a supporting detail.
Remembering	Identify the term that refers to a tautology.
Remembering	Identify the term that refers to a theme.
Remembering	Identify the term that refers to an API.
Remembering	Identify the term that refers to an ERD.
Remembering	Identify the term that refers to an array.
Remembering	Identify the term that refers to an event.
Remembering	Identify the term that refers to an index.
Remembering	Identify the term that refers to biodiversity.
Remembering	Identify the term that refers to inertia.
Remembering	Identify the term that refers to martial law.
Remembering	Identify the term that refers to normalization.
Remembering	Identify the term that refers to opportunity cost.
Remembering	Identify the term that refers to recursion.
Remembering	Identify the term that refers to sessions.
Remembering	Identify the term that refers to the Katipunan.
Remembering	Identify the term that refers to the Treaty of Paris.
Remembering	Identify the term that refers to variance.
Remembering	Inflation is also known as ____.
Remembering	Irony is also known as ____.
Remembering	Isa-isahin ang mga uri ng SOAP.
Remembering	Isa-isahin ang mga uri ng UDP.
Remembering	Isa-isahin ang mga uri ng contradiction.
Remembering	Isa-isahin ang mga uri ng contrapositive.
Remembering	Isa-isahin ang mga uri ng foreign key.
Remembering	Isa-isahin ang mga uri ng independent events.
Remembering	Isa-isahin ang mga uri ng irony.
Remembering	Isa-isahin ang mga uri ng matrix.
Remembering	Isa-isahin ang mga uri ng proportion.
Remembering	Isa-isahin ang mga uri ng proposition.
Remembering	Isa-isahin ang mga uri ng responsive design.
Remembering	Isa-isahin ang mga uri ng sample.
Remembering	Isa-isahin ang mga uri ng sustainable development.
Remembering	Isa-isahin ang mga uri ng topic sentence.
Remembering	Isa-isahin ang mga uri ng typhoon.
Remembering	Linear equation is also known as ____.
Remembering	List the characteristics of HTTP.
Remembering	List the characteristics of XSLT.
Remembering	List the characteristics of a CSS selector.
Remembering	List the characteristics of a Hamiltonian circuit.
Remembering	List the characteristics of a VPN.
Remembering	List the characteristics of a foreign key.
Remembering	List the characteristics of a function's domain.
Remembering	List the characteristics of a one-to-one function.
Remembering	List the characteristics of an API.
Remembering	List the characteristics of an interface.
Remembering	List the characteristics of an interpreter.
Remembering	List the characteristics of an ion.
Remembering	List the characteristics of encapsulation.
Remembering	List the characteristics of load balancing.
Remembering	List the characteristics of middleware.
Remembering	List the characteristics of mitosis.
Remembering	List the characteristics of natural selection.
Remembering	List the characteristics of the area of a circle.
Remembering	List the characteristics of the digestive system.
Remembering	List the characteristics of the immune system.
Remembering	Load balancing is also known as ____.
Remembering	Median is also known as ____.
Remembering	Name the parts of a function.
Remembering	Name the parts of a geometric sequence.
Remembering	Name the parts of a metaphor.
Remembering	Name the parts of agile development.
Remembering	Name the parts of an Euler path.
Remembering	Name the parts of an exception.
Remembering	Name the parts of an interpreter.
Remembering	Name the parts of an ion.
Remembering	Name the parts of an operating system.
Remembering	Name the parts of cloud computing.
Remembering	Name the parts of hashing.
Remembering	Name the parts of kinetic energy.
Remembering	Name the parts of sustainable development.
Remembering	Name the parts of the barangay system.
Remembering	Name the parts of the waterfall model.
Remembering	Ohm's law is also known as ____.
Remembering	One-to-one function is also known as ____.
Remembering	Opportunity cost is also known as ____.
Remembering	Quadratic equation is also known as ____.
Remembering	Recall the meaning of Katipunan.
Remembering	Recall the meaning of atom.
Remembering	Recall the meaning of compiler.
Remembering	Recall the meaning of contrapositive.
Remembering	Recall the meaning of culture.
Remembering	Recall the meaning of encapsulation.
Remembering	Recall the meaning of encryption.
Remembering	Recall the meaning of exception.
Remembering	Recall the meaning of flashback.
Remembering	Recall the meaning of independent events.
Remembering	Recall the meaning of join.
Remembering	Recall the meaning of linked list.
Remembering	Recall the meaning of potential energy.
Remembering	Recall the meaning of quadratic equation.
Remembering	Recall the meaning of sample space.
Remembering	Recall the meaning of set.
Remembering	Recall the meaning of truth table.
Remembering	State the definition of Euler path.
Remembering	State the definition of HTTPS.
Remembering	State the definition of Hamiltonian circuit.
Remembering	State the definition of agile development.
Remembering	State the definition of democracy.
Remembering	State the definition of inheritance.
Remembering	State the definition of load balancing.
Remembering	State the definition of normal distribution.
Remembering	State the definition of separation of powers.
Remembering	State the definition of transaction.
Remembering	State the definition of virtualization.
Remembering	State the definition of web service.
Remembering	The term for a Karnaugh map is ____.
Remembering	The term for a function is ____.
Remembering	The term for a normal distribution is ____.
Remembering	The term for a persuasive speech is ____.
Remembering	The term for a quadratic equation is ____.
Remembering	The term for a subnet mask is ____.
Remembering	The term for a supporting detail is ____.
Remembering	The term for a topic sentence is ____.
Remembering	The term for a transaction is ____.
Remembering	The term for an Euler path is ____.
Remembering	The term for an enterprise service bus is ____.
Remembering	The term for climate change is ____.
Remembering	The term for encapsulation is ____.
Remembering	The term for encryption is ____.
Remembering	The term for subject-verb agreement is ____.
Remembering	The term for the Bill of Rights is ____.
Remembering	The term for the area of a circle is ____.
Remembering	The term for the water cycle is ____.
Remembering	True or false: A base occurs only in plants.
Remembering	True or false: A chemical reaction occurs only in plants.
Remembering	True or false: A compiler is a hardware component.
Remembering	True or false: A firewall is a hardware component.
Remembering	True or false: A stack is a hardware component.
Remembering	True or false: A thread is a hardware component.
Remembering	True or false: A typhoon occurs only in plants.
Remembering	True or false: A vaccine occurs only in plants.
Remembering	True or false: A variable is a hardware component.
Remembering	True or false: A web service is a hardware component.
Remembering	True or false: An earthquake occurs only in plants.
Remembering	True or false: An exception is a hardware component.
Remembering	True or false: An xml schema is a hardware component.
Remembering	True or false: Friction occurs only in plants.
Remembering	True or false: Hashing is a hardware component.
Remembering	True or false: Kinetic energy occurs only in plants.
Remembering	True or false: Natural selection occurs only in plants.
Remembering	True or false: Newton's second law occurs only in plants.
Remembering	True or false: Photosynthesis occurs only in plants.
Remembering	True or false: Plate tectonics occurs only in plants.
Remembering	True or false: Potential energy occurs only in plants.
Remembering	True or false: Rest is a hardware component.
Remembering	True or false: The immune system occurs only in plants.
Remembering	True or false: The periodic table occurs only in plants.
Remembering	Tukuyin ang kahulugan ng DNA.
Remembering	Tukuyin ang kahulugan ng EDSA People Power Revolution.
Remembering	Tukuyin ang kahulugan ng area of a circle.
Remembering	Tukuyin ang kahulugan ng derivative.
Remembering	Tukuyin ang kahulugan ng expected value.
Remembering	Tukuyin ang kahulugan ng hypothesis test.
Remembering	Tukuyin ang kahulugan ng mood.
Remembering	Tukuyin ang kahulugan ng normal distribution.
Remembering	Tukuyin ang kahulugan ng passive voice.
Remembering	Tukuyin ang kahulugan ng photosynthesis.
Remembering	Tukuyin ang kahulugan ng point of view.
Remembering	Tukuyin ang kahulugan ng router.
Remembering	Tukuyin ang kahulugan ng set.
Remembering	Tukuyin ang kahulugan ng simile.
Remembering	Tukuyin ang kahulugan ng subject-verb agreement.
Remembering	Tukuyin ang kahulugan ng subset.
Remembering	Tukuyin ang kahulugan ng tautology.
Remembering	Tukuyin ang kahulugan ng use case diagram.
Remembering	Tukuyin ang kahulugan ng vaccine.
Remembering	Tukuyin ang kahulugan ng web service.
Remembering	What is Newton's second law?
Remembering	What is a binary tree?
Remembering	What is a geometric sequence?
Remembering	What is a hypothesis test?
Remembering	What is a persuasive speech?
Remembering	What is a simile?
Remembering	What is a theme?
Remembering	What is an IP address?
Remembering	What is an argumentative essay?
Remembering	What is an operating system?
Remembering	What is democracy?
Remembering	What is expected value?
Remembering	What is inertia?
Remembering	What is mathematical induction?
Remembering	What is middleware?
Remembering	What is normalization?
Remembering	What is the Galleon Trade?
Remembering	What is the Philippine Revolution?
Remembering	What is the area of a circle?
Remembering	What is the definition of DOM?
Remembering	What is the definition of ERD?
Remembering	What is the definition of XSLT?
Remembering	What is the definition of acid?
Remembering	What is the definition of base?
Remembering	What is the definition of climate change?
Remembering	What is the definition of complex sentence?
Remembering	What is the definition of conditional probability?
Remembering	What is the definition of human rights?
Remembering	What is the definition of ion?
Remembering	What is the definition of linear equation?
Remembering	What is the definition of linked list?
Remembering	What is the definition of sample space?
Remembering	What is the definition of sample?
Remembering	What is the definition of sessions?
Remembering	What is the definition of subnet mask?
Remembering	What is the definition of supporting detail?
Remembering	What is the definition of unit testing?
Remembering	What is the definition of vaccine?
Remembering	What is the definition of waterfall model?
Remembering	What is the digestive system?
Remembering	What is the formula for Pythagorean theorem?
Remembering	What is the formula for compound interest?
Remembering	What is the formula for derivative?
Remembering	What is the formula for function's domain?
Remembering	What is the formula for linear equation?
Remembering	What is the formula for matrix?
Remembering	What is the formula for ratio?
Remembering	What is the formula for simple interest?
Remembering	What is the formula for standard deviation?
Remembering	What is the pigeonhole principle?
Remembering	What is the slope of a line?
Remembering	What is the standard deviation?
Remembering	What is the symbol used for De Morgan's laws?
Remembering	What is the symbol used for Hamiltonian circuit?
Remembering	What is the symbol used for Karnaugh map?
Remembering	What is the symbol used for Venn diagram?
Remembering	What is the symbol used for biconditional?
Remembering	What is the symbol used for bipartite graph?
Remembering	What is the symbol used for graph?
Remembering	What is the symbol used for intersection of sets?
Remembering	What is the symbol used for proposition?
Remembering	What is the symbol used for recurrence relation?
Remembering	What is the symbol used for relation?
Remembering	What is the symbol used for tautology?
Remembering	What is the symbol used for tree?
Remembering	What is the symbol used for union of sets?
Remembering	What is tone?
Remembering	When was colonialism established?
Remembering	When was culture established?
Remembering	When was democracy established?
Remembering	When was federalism established?
Remembering	When was inflation established?
Remembering	When was martial law established?
Remembering	When was opportunity cost established?
Remembering	When was separation of powers established?
Remembering	When was supply and demand established?
Remembering	When was sustainable development established?
Remembering	When was the EDSA People Power Revolution established?
Remembering	When was the Galleon Trade established?
Remembering	When was the Philippine Revolution established?
Remembering	When was the barangay system established?
Remembering	Which of the following is DNS?
Remembering	Which of the following is JSON?
Remembering	Which of the following is REST?
Remembering	Which of the following is a Karnaugh map?
Remembering	Which of the following is a biconditional?
Remembering	Which of the following is a binary tree?
Remembering	Which of the following is a contradiction?
Remembering	Which of the following is a derivative?
Remembering	Which of the following is a flashback?
Remembering	Which of the following is a set?
Remembering	Which of the following is a variable?
Remembering	Which of the following is an ERD?
Remembering	Which of the following is an example of DNA?
Remembering	Which of the following is an example of HTTPS?
Remembering	Which of the following is an example of REST?
Remembering	Which of the following is an example of SOAP?
Remembering	Which of the following is an example of a Hamiltonian circuit?
Remembering	Which of the following is an example of a VPN?
Remembering	Which of the following is an example of a dangling modifier?
Remembering	Which of the following is an example of a flashback?
Remembering	Which of the following is an example of a loop?
Remembering	Which of the following is an example of a one-to-one function?
Remembering	Which of the following is an example of a quantifier?
Remembering	Which of the following is an example of a relation?
Remembering	Which of the following is an example of a typhoon?
Remembering	Which of the following is an example of a view?
Remembering	Which of the following is an example of agile development?
Remembering	Which of the following is an example of an arithmetic sequence?
Remembering	Which of the following is an example of culture?
Remembering	Which of the following is an example of mitosis?
Remembering	Which of the following is an example of the slope of a line?
Remembering	Which of the following is an example of the union of sets?
Remembering	Which of the following is an example of version control?
Remembering	Which of the following is point of view?
Remembering	Which of the following is separation of powers?
Remembering	Which of the following is the Bill of Rights?
Remembering	Which of the following is the greenhouse effect?
Remembering	Which of the following is the immune system?
Remembering	Which term refers to TCP?
Remembering	Which term refers to a contradiction?
Remembering	Which term refers to a food chain?
Remembering	Which term refers to a hypothesis test?
Remembering	Which term refers to a sample space?
Remembering	Which term refers to a subnet mask?
Remembering	Which term refers to a thesis statement?
Remembering	Which term refers to an API?
Remembering	Which term refers to an exception?
Remembering	Which term refers to biodiversity?
Remembering	Which term refers to cellular respiration?
Remembering	Which term refers to irony?
Remembering	Which term refers to potential energy?
Remembering	Which term refers to sessions?
Remembering	Which term refers to the EDSA People Power Revolution?
Remembering	Which term refers to the pigeonhole principle?
Remembering	Who is credited with the concept of Boolean algebra?
Remembering	Who is credited with the concept of DNA?
Remembering	Who is credited with the concept of DNS?
Remembering	Who is credited with the concept of Venn diagram?
Remembering	Who is credited with the concept of bipartite graph?
Remembering	Who is credited with the concept of class diagram?
Remembering	Who is credited with the concept of compiler?
Remembering	Who is credited with the concept of equivalence relation?
Remembering	Who is credited with the concept of federalism?
Remembering	Who is credited with the concept of globalization?
Remembering	Who is credited with the concept of greenhouse effect?
Remembering	Who is credited with the concept of hashing?
Remembering	Who is credited with the concept of human rights?
Remembering	Who is credited with the concept of interface?
Remembering	Who is credited with the concept of irony?
Remembering	Who is credited with the concept of periodic table?
Remembering	Who is credited with the concept of photosynthesis?
Remembering	Who is credited with the concept of potential energy?
Remembering	Who is credited with the concept of power set?
Remembering	Who is credited with the concept of proportion?
Remembering	Who is credited with the concept of rule of sum?
Remembering	Who is credited with the concept of standard deviation?
Remembering	Who is credited with the concept of sustainable development?
Understanding	Ano ang pagkakaiba ng Karnaugh map at conditional probability?
Understanding	Ano ang pagkakaiba ng Newton's second law at inertia?
Understanding	Ano ang pagkakaiba ng Ohm's law at greenhouse effect?
Understanding	Ano ang pagkakaiba ng binomial distribution at logic gate?
Understanding	Ano ang pagkakaiba ng cache at SOAP?
Understanding	Ano ang pagkakaiba ng culture at inflation?
Understanding	Ano ang pagkakaiba ng geometric sequence at derivative?
Understanding	Ano ang pagkakaiba ng immune system at base?
Understanding	Ano ang pagkakaiba ng inertia at plate tectonics?
Understanding	Ano ang pagkakaiba ng ion at water cycle?
Understanding	Ano ang pagkakaiba ng linear equation at ratio?
Understanding	Ano ang pagkakaiba ng matrix at compound interest?
Understanding	Ano ang pagkakaiba ng mean at linear equation?
Understanding	Ano ang pagkakaiba ng mood at persuasive speech?
Understanding	Ano ang pagkakaiba ng personification at argumentative essay?
Understanding	Ano ang pagkakaiba ng proportion at matrix?
Understanding	Ano ang pagkakaiba ng slope of a line at geometric sequence?
Understanding	Bakit mahalaga ang SOAP?
Understanding	Bakit mahalaga ang barangay system?
Understanding	Bakit mahalaga ang conditional statement?
Understanding	Bakit mahalaga ang culture?
Understanding	Bakit mahalaga ang democracy?
Understanding	Bakit mahalaga ang derivative?
Understanding	Bakit mahalaga ang exception?
Understanding	Bakit mahalaga ang function's domain?
Understanding	Bakit mahalaga ang human rights?
Understanding	Bakit mahalaga ang inflation?
Understanding	Bakit mahalaga ang join?
Understanding	Bakit mahalaga ang mitosis?
Understanding	Bakit mahalaga ang normalization?
Understanding	Bakit mahalaga ang one-to-one function?
Understanding	Bakit mahalaga ang percentage?
Understanding	Bakit mahalaga ang plate tectonics?
Understanding	Bakit mahalaga ang responsive design?
Understanding	Bakit mahalaga ang sample space?
Understanding	Bakit mahalaga ang sample?
Understanding	Bakit mahalaga ang theme?
Understanding	Bakit mahalaga ang topic sentence?
Understanding	Bakit mahalaga ang tree?
Understanding	Bakit mahalaga ang unit testing?
Understanding	Classify the following as examples or non-examples of Bill of Rights.
Understanding	Classify the following as examples or non-examples of Karnaugh map.
Understanding	Classify the following as examples or non-examples of bipartite graph.
Understanding	Classify the following as examples or non-examples of cloud computing.
Understanding	Classify the following as examples or non-examples of combination.
Understanding	Classify the following as examples or non-examples of constructor.
Understanding	Classify the following as examples or non-examples of earthquake.
Understanding	Classify the following as examples or non-examples of function.
Understanding	Classify the following as examples or non-examples of index.
Understanding	Classify the following as examples or non-examples of interpreter.
Understanding	Classify the following as examples or non-examples of join.
Understanding	Classify the following as examples or non-examples of linear equation.
Understanding	Classify the following as examples or non-examples of mean.
Understanding	Classify the following as examples or non-examples of persuasive speech.
Understanding	Classify the following as examples or non-examples of photosynthesis.
Understanding	Classify the following as examples or non-examples of pigeonhole principle.
Understanding	Classify the following as examples or non-examples of predicate.
Understanding	Classify the following as examples or non-examples of process.
Understanding	Classify the following as examples or non-examples of queue.
Understanding	Describe how DNA works.
Understanding	Describe how REST works.
Understanding	Describe how a biconditional works.
Understanding	Describe how a constructor works.
Understanding	Describe how a message queue works.
Understanding	Describe how a one-to-one function works.
Understanding	Describe how a primary key works.
Understanding	Describe how a router works.
Understanding	Describe how an XML schema works.
Understanding	Describe how an abstract class works.
Understanding	Describe how an exception works.
Understanding	Describe how human rights works.
Understanding	Describe how recursion works.
Understanding	Describe how responsive design works.
Understanding	Describe how the slope of a line works.
Understanding	Describe the role of XML schema in a school clinic.
Understanding	Describe the role of XPath in a registrar's office.
Understanding	Describe the role of base in a boarding house.
Understanding	Describe the role of combination in a computer laboratory.
Understanding	Describe the role of contradiction in a boarding house.
Understanding	Describe the role of encryption in a parish office.
Understanding	Describe the role of irony in a fishing cooperative.
Understanding	Describe the role of matrix in a student organization.
Understanding	Describe the role of operating system in a parish office.
Understanding	Describe the role of plate tectonics in a farm cooperative.
Understanding	Describe the role of proposition in a fishing cooperative.
Understanding	Describe the role of rule of product in a parish office.
Understanding	Describe the role of sample space in a campus canteen.
Understanding	Explain a chemical reaction in your own words.
Understanding	Explain a deadlock in your own words.
Understanding	Explain a hash table in your own words.
Understanding	Explain a loop in your own words.
Understanding	Explain a recurrence relation in your own words.
Understanding	Explain a switch in your own words.
Understanding	Explain simple interest in your own words.
Understanding	Explain the Bill of Rights in your own words.
Understanding	Explain the difference between HTTP and a use case diagram.
Understanding	Explain the difference between a combination and a tree.
Understanding	Explain the difference between a geometric sequence and the Pythagorean theorem.
Understanding	Explain the difference between a sample and the median.
Understanding	Explain the difference between a thread and a message queue.
Understanding	Explain the difference between an ERD and an operating system.
Understanding	Explain the difference between an Euler path and a random variable.
Understanding	Explain the difference between an atom and electric current.
Understanding	Explain the difference between an ecosystem and an acid.
Understanding	Explain the difference between an ecosystem and an ion.
Understanding	Explain the difference between an event and a predicate.
Understanding	Explain the difference between kinetic energy and plate tectonics.
Understanding	Explain the difference between kinetic energy and the immune system.
Understanding	Explain the difference between martial law and supply and demand.
Understanding	Explain the difference between mitosis and an earthquake.
Understanding	Explain the difference between photosynthesis and friction.
Understanding	Explain the difference between point of view and the main idea.
Understanding	Explain the difference between the Bill of Rights and nationalism.
Understanding	Explain the difference between the EDSA People Power Revolution and nationalism.
Understanding	Explain the difference between the barangay system and the Treaty of Paris.
Understanding	Explain the difference between the rule of sum and independent events.
Understanding	Explain the difference between the water cycle and a food chain.
Understanding	Explain the greenhouse effect in your own words.
Understanding	Explain the periodic table in your own words.
Understanding	Explain the purpose of Bill of Rights.
Understanding	Explain the purpose of HTTPS.
Understanding	Explain the purpose of chemical reaction.
Understanding	Explain the purpose of compiler.
Understanding	Explain the purpose of conditional probability.
Understanding	Explain the purpose of dangling modifier.
Understanding	Explain the purpose of electric current.
Understanding	Explain the purpose of firewall.
Understanding	Explain the purpose of foreign key.
Understanding	Explain the purpose of independent events.
Understanding	Explain the purpose of polynomial.
Understanding	Explain the purpose of predicate.
Understanding	Explain the purpose of proposition.
Understanding	Explain the purpose of recursion.
Understanding	Explain the purpose of thread.
Understanding	Explain the purpose of unit testing.
Understanding	Explain why XSLT is important.
Understanding	Explain why a cache is important.
Understanding	Explain why a food chain is important.
Understanding	Explain why a loop is important.
Understanding	Explain why a proposition is important.
Understanding	Explain why a tree is important.
Understanding	Explain why a truth table is important.
Understanding	Explain why agile development is important.
Understanding	Explain why an interpreter is important.
Understanding	Explain why biodiversity is important.
Understanding	Explain why friction is important.
Understanding	Explain why hashing is important.
Understanding	Explain why inflation is important.
Understanding	Explain why load balancing is important.
Understanding	Explain why recursion is important.
Understanding	Explain why the contrapositive is important.
Understanding	Explain why the waterfall model is important.
Understanding	Give an example of a cache and explain it.
Understanding	Give an example of a geometric sequence and explain it.
Understanding	Give an example of a limit and explain it.
Understanding	Give an example of a subset and explain it.
Understanding	Give an example of an event and explain it.
Understanding	Give an example of an index and explain it.
Understanding	Give an example of an interface and explain it.
Understanding	Give an example of friction and explain it.
Understanding	Give an example of human rights and explain it.
Understanding	Give an example of mathematical induction and explain it.
Understanding	Give an example of nationalism and explain it.
Understanding	Give an example of personification and explain it.
Understanding	Give an example of point of view and explain it.
Understanding	Give an example of the DOM and explain it.
Understanding	Give an example of the barangay system and explain it.
Understanding	Give an example of the median and explain it.
Understanding	Give an example of the rule of product and explain it.
Understanding	Ilarawan kung paano gumagana ang DNA.
Understanding	Ilarawan kung paano gumagana ang barangay system.
Understanding	Ilarawan kung paano gumagana ang encapsulation.
Understanding	Ilarawan kung paano gumagana ang firewall.
Understanding	Ilarawan kung paano gumagana ang metaphor.
Understanding	Ilarawan kung paano gumagana ang natural selection.
Understanding	Ilarawan kung paano gumagana ang permutation.
Understanding	Ilarawan kung paano gumagana ang responsive design.
Understanding	Ilarawan kung paano gumagana ang sample space.
Understanding	Ilarawan kung paano gumagana ang subnet mask.
Understanding	Ilarawan kung paano gumagana ang supporting detail.
Understanding	Ilarawan kung paano gumagana ang view.
Understanding	Interpret the meaning of CSS selector in everyday life.
Understanding	Interpret the meaning of DOM in everyday life.
Understanding	Interpret the meaning of JSON in everyday life.
Understanding	Interpret the meaning of atom in everyday life.
Understanding	Interpret the meaning of inertia in everyday life.
Understanding	Interpret the meaning of kinetic energy in everyday life.
Understanding	Interpret the meaning of normal distribution in everyday life.
Understanding	Interpret the meaning of pigeonhole principle in everyday life.
Understanding	Interpret the meaning of subnet mask in everyday life.
Understanding	Interpret the meaning of typhoon in everyday life.
Understanding	Ipaliwanag ang kahalagahan ng Ohm's law.
Understanding	Ipaliwanag ang kahalagahan ng arithmetic sequence.
Understanding	Ipaliwanag ang kahalagahan ng biconditional.
Understanding	Ipaliwanag ang kahalagahan ng class diagram.
Understanding	Ipaliwanag ang kahalagahan ng compiler.
Understanding	Ipaliwanag ang kahalagahan ng democracy.
Understanding	Ipaliwanag ang kahalagahan ng enterprise service bus.
Understanding	Ipaliwanag ang kahalagahan ng foreshadowing.
Understanding	Ipaliwanag ang kahalagahan ng greenhouse effect.
Understanding	Ipaliwanag ang kahalagahan ng inflation.
Understanding	Ipaliwanag ang kahalagahan ng interpreter.
Understanding	Ipaliwanag ang kahalagahan ng mean.
Understanding	Ipaliwanag ang kahalagahan ng opportunity cost.
Understanding	Ipaliwanag ang kahalagahan ng pigeonhole principle.
Understanding	Ipaliwanag ang kahalagahan ng recurrence relation.
Understanding	Ipaliwanag ang kahalagahan ng topic sentence.
Understanding	Ipaliwanag ang kahalagahan ng vaccine.
Understanding	Magbigay ng halimbawa ng API at ipaliwanag ito.
Understanding	Magbigay ng halimbawa ng Katipunan at ipaliwanag ito.
Understanding	Magbigay ng halimbawa ng Newton's second law at ipaliwanag ito.
Understanding	Magbigay ng halimbawa ng WSDL file at ipaliwanag ito.
Understanding	Magbigay ng halimbawa ng XML schema at ipaliwanag ito.
Understanding	Magbigay ng halimbawa ng bipartite graph at ipaliwanag ito.
Understanding	Magbigay ng halimbawa ng digestive system at ipaliwanag ito.
Understanding	Magbigay ng halimbawa ng encryption at ipaliwanag ito.
Understanding	Magbigay ng halimbawa ng federalism at ipaliwanag ito.
Understanding	Magbigay ng halimbawa ng hash table at ipaliwanag ito.
Understanding	Magbigay ng halimbawa ng irony at ipaliwanag ito.
Understanding	Magbigay ng halimbawa ng loop at ipaliwanag ito.
Understanding	Magbigay ng halimbawa ng mean at ipaliwanag ito.
Understanding	Magbigay ng halimbawa ng message queue at ipaliwanag ito.
Understanding	Magbigay ng halimbawa ng point of view at ipaliwanag ito.
Understanding	Magbigay ng halimbawa ng population at ipaliwanag ito.
Understanding	Magbigay ng halimbawa ng tautology at ipaliwanag ito.
Understanding	Magbigay ng halimbawa ng truth table at ipaliwanag ito.
Understanding	Paraphrase the definition of Hamiltonian circuit.
Understanding	Paraphrase the definition of SOAP.
Understanding	Paraphrase the definition of area of a circle.
Understanding	Paraphrase the definition of chemical reaction.
Understanding	Paraphrase the definition of event.
Understanding	Paraphrase the definition of foreshadowing.
Understanding	Paraphrase the definition of function.
Understanding	Paraphrase the definition of greenhouse effect.
Understanding	Paraphrase the definition of inertia.
Understanding	Paraphrase the definition of message queue.
Understanding	Paraphrase the definition of metaphor.
Understanding	Paraphrase the definition of mitosis.
Understanding	Paraphrase the definition of natural selection.
Understanding	Paraphrase the definition of operating system.
Understanding	Paraphrase the definition of rule of product.
Understanding	Paraphrase the definition of separation of powers.
Understanding	Paraphrase the definition of tautology.
Understanding	Paraphrase the definition of thread.
Understanding	Paraphrase the definition of truth table.
Understanding	Summarize the main idea of API.
Understanding	Summarize the main idea of JSON.
Understanding	Summarize the main idea of atom.
Understanding	Summarize the main idea of binary tree.
Understanding	Summarize the main idea of binomial distribution.
Understanding	Summarize the main idea of cellular respiration.
Understanding	Summarize the main idea of climate change.
Understanding	Summarize the main idea of conditional statement.
Understanding	Summarize the main idea of dangling modifier.
Understanding	Summarize the main idea of enterprise service bus.
Understanding	Summarize the main idea of function.
Understanding	Summarize the main idea of passive voice.
Understanding	Summarize the main idea of photosynthesis.
Understanding	Summarize the main idea of potential energy.
Understanding	Summarize the main idea of power set.
Understanding	Summarize the main idea of recursion.
Understanding	Summarize the main idea of set.
Understanding	Summarize the main idea of switch.
Understanding	What does it mean when we say something is JSON?
Understanding	What does it mean when we say something is XPath?
Understanding	What does it mean when we say something is base?
Understanding	What does it mean when we say something is correlation?
Understanding	What does it mean when we say something is culture?
Understanding	What does it mean when we say something is earthquake?
Understanding	What does it mean when we say something is intersection of sets?
Understanding	What does it mean when we say something is limit?
Understanding	What does it mean when we say something is loop?
Understanding	What does it mean when we say something is persuasive speech?
Understanding	What does it mean when we say something is polynomial?
Understanding	What does it mean when we say something is potential energy?
Understanding	What does it mean when we say something is queue?
Understanding	What does it mean when we say something is random variable?
Understanding	What does it mean when we say something is supporting detail?
Understanding	What does it mean when we say something is thread?
Understanding	What does it mean when we say something is use case diagram?
Understanding	What does it mean when we say something is virtualization?
Understanding	What is meant by Euler path?
Understanding	What is meant by Pythagorean theorem?
Understanding	What is meant by XPath?
Understanding	What is meant by abstract class?
Understanding	What is meant by array?
Understanding	What is meant by expected value?
Understanding	What is meant by hypothesis test?
Understanding	What is meant by index?
Understanding	What is meant by load balancing?
Understanding	What is meant by logic gate?
Understanding	What is meant by main idea?
Understanding	What is meant by martial law?
Understanding	What is meant by power set?
Understanding	What is meant by responsive design?
Understanding	What is meant by separation of powers?
Understanding	What is meant by simile?
Understanding	What is meant by stack?
Understanding	What is meant by thread?
Understanding	What is meant by truth table?
Understanding	What is meant by union of sets?
Understanding	What is meant by use case diagram?
Understanding	What is meant by water cycle?
Understanding	What is meant by waterfall model?
Understanding	What is the difference between DNA and the digestive system?
Understanding	What is the difference between DNS and XML?
Understanding	What is the difference between a base and a chemical reaction?
Understanding	What is the difference between a flashback and subject-verb agreement?
Understanding	What is the difference between a matrix and a population?
Understanding	What is the difference between a persuasive speech and a metaphor?
Understanding	What is the difference between a stored procedure and a firewall?
Understanding	What is the difference between a thesis statement and an argumentative essay?
Understanding	What is the difference between a topic sentence and a flashback?
Understanding	What is the difference between a view and a variable?
Understanding	What is the difference between an event and a relation?
Understanding	What is the difference between compound interest and the Pythagorean theorem?
Understanding	What is the difference between culture and the Galleon Trade?
Understanding	What is the difference between democracy and the Bill of Rights?
Understanding	What is the difference between the Katipunan and separation of powers?
Understanding	What is the difference between the digestive system and an earthquake?
Understanding	What is the difference between the main idea and a metaphor?
Understanding	What is the difference between the waterfall model and an XML schema?
Understanding	What is the difference between variance and a conditional statement?
Understanding	Which of the following best describes Boolean algebra?
Understanding	Which of the following best describes Ohm's law?
Understanding	Which of the following best describes SOAP?
Understanding	Which of the following best describes XML?
Understanding	Which of the following best describes a conditional statement?
Understanding	Which of the following best describes a linear equation?
Understanding	Which of the following best describes a quantifier?
Understanding	Which of the following best describes a simile?
Understanding	Which of the following best describes a switch?
Understanding	Which of the following best describes a thesis statement?
Understanding	Which of the following best describes an argumentative essay?
Understanding	Which of the following best describes compound interest?
Understanding	Which of the following best describes culture?
Understanding	Which of the following best describes potential energy?
Understanding	Which of the following best describes sustainable development?
Understanding	Which of the following best describes the Treaty of Paris?
Understanding	Which of the following best describes the digestive system?
Understanding	Which of the following best describes the mean?
Understanding	Which of the following best illustrates a compiler?
Understanding	Which of the following best illustrates a flashback?
Understanding	Which of the following best illustrates a recurrence relation?
Understanding	Which of the following best illustrates a subset?
Understanding	Which of the following best illustrates a supporting detail?
Understanding	Which of the following best illustrates a transaction?
Understanding	Which of the following best illustrates a typhoon?
Understanding	Which of the following best illustrates a view?
Understanding	Which of the following best illustrates an API?
Understanding	Which of the following best illustrates an arithmetic sequence?
Understanding	Which of the following best illustrates an index?
Understanding	Which of the following best illustrates foreshadowing?
Understanding	Which of the following best illustrates globalization?
Understanding	Which of the following best illustrates inertia?
Understanding	Which of the following best illustrates mathematical induction?
Understanding	Which of the following best illustrates natural selection?
Understanding	Which of the following best illustrates the main idea?
Understanding	Which of the following best illustrates the passive voice?
Understanding	Which of the following best illustrates version control?
Understanding	Which statement best explains the purpose of DNA?
Understanding	Which statement best explains the purpose of acid?
Understanding	Which statement best explains the purpose of biodiversity?
Understanding	Which statement best explains the purpose of complex sentence?
Understanding	Which statement best explains the purpose of ecosystem?
Understanding	Which statement best explains the purpose of expected value?
Understanding	Which statement best explains the purpose of federalism?
Understanding	Which statement best explains the purpose of food chain?
Understanding	Which statement best explains the purpose of globalization?
Understanding	Which statement best explains the purpose of inertia?
Understanding	Which statement best explains the purpose of main idea?
Understanding	Which statement best explains the purpose of normalization?
Understanding	Which statement best explains the purpose of operating system?
Understanding	Which statement best explains the purpose of polynomial?
Understanding	Which statement best explains the purpose of population?
Understanding	Which statement best explains the purpose of power set?
Understanding	Which statement best explains the purpose of recursion?
Understanding	Which statement best explains the purpose of stack?
Understanding	Which statement best explains the purpose of standard deviation?
Understanding	Which statement best explains the purpose of truth table?
Understanding	Which statement best explains the purpose of unit testing?
Understanding	Why do we use DNS?
Understanding	Why do we use JSON?
Understanding	Why do we use a compiler?
Understanding	Why do we use a food chain?
Understanding	Why do we use a foreign key?
Understanding	Why do we use a function's domain?
Understanding	Why do we use a geometric sequence?
Understanding	Why do we use a permutation?
Understanding	Why do we use a sample space?
Understanding	Why do we use a set?
Understanding	Why do we use a vaccine?
Understanding	Why do we use a web service?
Understanding	Why do we use an API?
Understanding	Why do we use an abstract class?
Understanding	Why do we use colonialism?
Understanding	Why do we use conditional probability?
Understanding	Why do we use correlation?
Understanding	Why do we use encryption?
Understanding	Why do we use opportunity cost?
Understanding	Why do we use polymorphism?
Understanding	Why do we use the intersection of sets?
Understanding	Why do we use the mean?
Understanding	Why is DHCP necessary?
Understanding	Why is JSON necessary?
Understanding	Why is a Venn diagram necessary?
Understanding	Why is a base necessary?
Understanding	Why is a class diagram necessary?
Understanding	Why is a compiler necessary?
Understanding	Why is a flashback necessary?
Understanding	Why is a use case diagram necessary?
Understanding	Why is a vaccine necessary?
Understanding	Why is an acid necessary?
Understanding	Why is federalism necessary?
Understanding	Why is foreshadowing necessary?
Understanding	Why is human rights necessary?
Understanding	Why is martial law necessary?
Understanding	Why is the Treaty of Paris necessary?
Understanding	Why is the digestive system necessary?
Understanding	Why is the pigeonhole principle necessary?
